date,close,peg
2015-06-01,5076.18,19.24
2015-06-02,5161.87,19.49
2015-06-03,5143.59,19.42
2015-06-04,5181.42,19.6
2015-06-05,5230.55,19.81
2015-06-08,5353.75,20.38
2015-06-09,5317.46,20.25
2015-06-10,5309.11,20.06
2015-06-11,5306.59,20.0
2015-06-12,5335.12,20.1
2015-06-15,5221.17,20.14
2015-06-16,5064.82,19.49
2015-06-17,5138.83,19.79
2015-06-18,4930.55,18.97
2015-06-19,4637.05,17.85
2015-06-23,4786.09,18.42
2015-06-24,4880.13,18.81
2015-06-25,4706.52,18.14
2015-06-26,4336.19,16.77
2015-06-29,4191.55,16.35
2015-06-30,4473.0,17.37
2015-07-01,4253.02,16.53
2015-07-02,4108.0,16.18
2015-07-03,3885.92,15.23
2015-07-06,3998.54,15.88
2015-07-07,3928.0,15.88
2015-07-08,3663.04,14.91
2015-07-09,3897.63,15.79
2015-07-10,4106.56,16.48
2015-07-13,4211.81,16.66
2015-07-14,4112.15,16.25
2015-07-15,3966.76,15.9
2015-07-16,3997.36,15.91
2015-07-17,4151.5,16.33
2015-07-20,4160.61,16.41
2015-07-21,4166.01,16.41
2015-07-22,4157.16,16.35
2015-07-23,4250.81,16.66
2015-07-24,4176.28,16.4
2015-07-27,3818.73,14.8
2015-07-28,3811.09,14.7
2015-07-29,3930.38,15.1
2015-07-30,3815.41,14.71
2015-07-31,3816.7,14.66
2015-08-03,3829.24,14.68
2015-08-04,3948.16,15.09
2015-08-05,3866.9,14.77
2015-08-06,3831.85,14.63
2015-08-07,3906.94,14.89
2015-08-10,4084.36,15.55
2015-08-11,4066.67,15.49
2015-08-12,4016.13,15.31
2015-08-13,4075.46,15.51
2015-08-14,4073.54,15.49
2015-08-17,4077.87,15.46
2015-08-18,3825.41,14.64
2015-08-19,3886.14,14.77
2015-08-20,3761.45,14.28
2015-08-21,3589.54,13.7
2015-08-24,3275.53,12.54
2015-08-25,3042.93,11.62
2015-08-26,3025.69,11.58
2015-08-27,3205.64,12.23
2015-08-28,3342.29,12.73
2015-08-31,3366.54,12.79
2015-09-01,3362.08,12.96
2015-09-02,3365.83,13.09
2015-09-07,3250.49,12.56
2015-09-08,3334.02,12.83
2015-09-09,3399.31,13.07
2015-09-10,3357.56,12.9
2015-09-11,3347.19,12.83
2015-09-14,3281.13,12.61
2015-09-15,3152.23,12.21
2015-09-16,3309.25,12.72
2015-09-17,3237.0,12.45
2015-09-18,3251.27,12.46
2015-09-21,3308.25,12.64
2015-09-22,3339.03,12.75
2015-09-23,3263.03,12.46
2015-09-24,3285.0,12.53
2015-09-25,3231.95,12.38
2015-09-28,3242.75,12.39
2015-09-29,3178.85,12.12
2015-09-30,3202.95,12.19
2015-10-08,3296.48,12.53
2015-10-09,3340.12,12.67
2015-10-12,3447.69,13.06
2015-10-13,3445.04,12.94
2015-10-14,3406.11,12.81
2015-10-15,3486.82,13.08
2015-10-16,3534.07,13.26
2015-10-19,3534.18,13.25
2015-10-20,3577.7,13.41
2015-10-21,3473.25,13.12
2015-10-22,3524.53,13.24
2015-10-23,3571.24,13.37
2015-10-26,3589.26,13.43
2015-10-27,3592.88,13.41
2015-10-28,3524.92,13.2
2015-10-29,3533.31,13.22
2015-10-30,3534.08,13.21
2015-11-02,3475.96,13.26
2015-11-03,3465.49,13.21
2015-11-04,3628.54,13.79
2015-11-05,3705.97,14.1
2015-11-06,3793.37,14.39
2015-11-09,3840.35,14.61
2015-11-10,3833.24,14.57
2015-11-11,3833.65,14.55
2015-11-12,3795.32,14.41
2015-11-13,3746.24,14.22
2015-11-16,3764.13,14.28
2015-11-17,3758.39,14.29
2015-11-18,3715.58,14.16
2015-11-19,3774.97,14.34
2015-11-20,3774.38,14.32
2015-11-23,3753.34,14.26
2015-11-24,3753.89,14.25
2015-11-25,3781.61,14.35
2015-11-26,3759.43,14.27
2015-11-27,3556.99,13.52
2015-11-30,3566.41,13.57
2015-12-01,3591.7,13.62
2015-12-02,3721.95,14.1
2015-12-03,3749.3,14.26
2015-12-04,3677.59,13.97
2015-12-07,3687.61,13.98
2015-12-08,3623.02,13.74
2015-12-09,3635.94,13.78
2015-12-10,3623.08,13.72
2015-12-11,3608.06,13.66
2015-12-14,3711.32,14.28
2015-12-15,3694.39,14.2
2015-12-16,3685.44,14.19
2015-12-17,3755.89,14.42
2015-12-18,3767.91,14.45
2015-12-21,3865.96,14.75
2015-12-22,3876.73,14.77
2015-12-23,3866.38,14.74
2015-12-24,3829.4,14.61
2015-12-25,3838.2,14.63
2015-12-28,3727.63,14.25
2015-12-29,3761.87,14.37
2015-12-30,3765.18,14.36
2015-12-31,3731.0,14.24
2016-01-04,3469.07,13.32
2016-01-05,3478.78,13.34
2016-01-06,3539.81,13.59
2016-01-07,3294.38,12.7
2016-01-08,3361.56,12.97
2016-01-11,3192.45,12.37
2016-01-12,3215.71,12.46
2016-01-13,3155.88,12.22
2016-01-14,3221.57,12.44
2016-01-15,3118.73,12.04
2016-01-18,3130.73,12.06
2016-01-19,3223.13,12.41
2016-01-20,3174.38,12.26
2016-01-21,3081.35,11.91
2016-01-22,3113.46,12.03
2016-01-25,3128.89,12.08
2016-01-26,2940.51,11.36
2016-01-27,2930.35,11.34
2016-01-28,2853.76,11.09
2016-01-29,2946.09,11.42
2016-02-01,2901.05,11.24
2016-02-02,2961.33,11.44
2016-02-03,2948.64,11.37
2016-02-04,2984.76,11.51
2016-02-05,2963.79,11.44
2016-02-15,2946.71,11.35
2016-02-16,3037.04,11.69
2016-02-17,3063.32,11.79
2016-02-18,3053.7,11.75
2016-02-19,3051.59,11.73
2016-02-22,3118.87,12.0
2016-02-23,3089.36,11.88
2016-02-24,3109.55,11.96
2016-02-25,2918.75,11.27
2016-02-26,2948.03,11.39
2016-02-29,2877.47,11.16
2016-03-01,2930.69,11.34
2016-03-02,3051.33,11.78
2016-03-03,3058.42,11.81
2016-03-04,3093.89,11.99
2016-03-07,3104.84,12.02
2016-03-08,3107.67,12.03
2016-03-09,3071.91,11.93
2016-03-10,3013.15,11.7
2016-03-11,3018.28,11.74
2016-03-14,3065.69,11.9
2016-03-15,3074.78,11.94
2016-03-16,3090.03,12.01
2016-03-17,3124.2,12.11
2016-03-18,3171.96,12.26
2016-03-21,3249.44,12.51
2016-03-22,3225.79,12.41
2016-03-23,3236.09,12.46
2016-03-24,3181.85,12.25
2016-03-25,3197.82,12.31
2016-03-28,3169.73,12.22
2016-03-29,3135.41,12.1
2016-03-30,3216.28,12.4
2016-03-31,3218.09,12.41
2016-04-01,3221.89,12.43
2016-04-05,3264.49,12.57
2016-04-06,3257.53,12.54
2016-04-07,3209.29,12.36
2016-04-08,3185.73,12.27
2016-04-11,3230.1,12.43
2016-04-12,3218.45,12.39
2016-04-13,3261.38,12.56
2016-04-14,3275.83,12.6
2016-04-15,3272.21,12.57
2016-04-18,3228.45,12.43
2016-04-19,3238.3,12.46
2016-04-20,3181.03,12.26
2016-04-21,3160.6,12.18
2016-04-22,3174.9,12.23
2016-04-25,3162.03,12.18
2016-04-26,3179.16,12.24
2016-04-27,3165.92,12.18
2016-04-28,3160.58,12.16
2016-04-29,3156.75,12.13
2016-05-03,3213.54,12.59
2016-05-04,3209.46,12.57
2016-05-05,3213.92,12.59
2016-05-06,3130.35,12.23
2016-05-09,3065.62,11.98
2016-05-10,3069.11,11.99
2016-05-11,3082.81,12.04
2016-05-12,3090.14,12.05
2016-05-13,3074.94,12.0
2016-05-16,3095.31,12.05
2016-05-17,3086.02,12.03
2016-05-18,3068.04,11.94
2016-05-19,3062.5,11.91
2016-05-20,3078.22,11.97
2016-05-23,3087.22,12.0
2016-05-24,3063.56,11.92
2016-05-25,3059.23,11.9
2016-05-26,3064.21,11.92
2016-05-27,3062.5,11.91
2016-05-30,3066.71,11.94
2016-05-31,3169.56,12.29
2016-06-01,3160.55,12.25
2016-06-02,3167.1,12.26
2016-06-03,3189.33,12.33
2016-06-06,3178.79,12.31
2016-06-07,3177.05,12.26
2016-06-08,3163.99,12.22
2016-06-13,3066.34,11.99
2016-06-14,3075.98,12.03
2016-06-15,3116.37,12.15
2016-06-16,3094.67,12.03
2016-06-17,3110.36,12.08
2016-06-20,3112.67,12.09
2016-06-21,3106.32,12.07
2016-06-22,3133.96,12.17
2016-06-23,3117.32,12.06
2016-06-24,3077.16,11.9
2016-06-27,3120.54,12.04
2016-06-28,3136.4,12.09
2016-06-29,3151.39,12.14
2016-06-30,3153.92,12.13
2016-07-01,3154.2,12.14
2016-07-04,3204.7,12.34
2016-07-05,3207.38,12.36
2016-07-06,3216.8,12.36
2016-07-07,3209.95,12.32
2016-07-08,3192.28,12.21
2016-07-11,3203.33,12.22
2016-07-12,3273.18,12.48
2016-07-13,3282.87,12.52
2016-07-14,3276.76,12.48
2016-07-15,3276.28,12.49
2016-07-18,3262.02,12.45
2016-07-19,3248.23,12.39
2016-07-20,3237.61,12.35
2016-07-21,3252.52,12.39
2016-07-22,3225.16,12.3
2016-07-25,3230.89,12.31
2016-07-26,3269.59,12.45
2016-07-27,3218.24,12.28
2016-07-28,3221.14,12.29
2016-07-29,3203.93,12.24
2016-08-01,3176.81,12.16
2016-08-02,3189.05,12.2
2016-08-03,3193.51,12.21
2016-08-04,3201.29,12.23
2016-08-05,3205.11,12.23
2016-08-08,3234.18,12.33
2016-08-09,3256.98,12.41
2016-08-10,3243.34,12.36
2016-08-11,3233.36,12.35
2016-08-12,3294.23,12.58
2016-08-15,3393.42,12.93
2016-08-16,3378.25,12.83
2016-08-17,3373.05,12.81
2016-08-18,3364.49,12.78
2016-08-19,3365.02,12.8
2016-08-22,3336.79,12.71
2016-08-23,3341.83,12.73
2016-08-24,3329.86,12.7
2016-08-25,3308.97,12.62
2016-08-26,3307.09,12.62
2016-08-29,3307.78,12.62
2016-08-30,3311.99,12.65
2016-08-31,3327.79,12.7
2016-09-01,3301.58,13.02
2016-09-02,3314.11,13.62
2016-09-05,3319.68,13.63
2016-09-06,3342.63,13.69
2016-09-07,3340.82,13.69
2016-09-08,3339.56,13.68
2016-09-09,3318.04,13.6
2016-09-12,3262.6,13.39
2016-09-13,3260.33,13.37
2016-09-14,3238.73,13.28
2016-09-19,3263.12,13.36
2016-09-20,3257.4,13.34
2016-09-21,3266.64,13.37
2016-09-22,3291.12,13.46
2016-09-23,3275.67,13.41
2016-09-26,3220.28,13.2
2016-09-27,3240.75,13.28
2016-09-28,3230.89,13.23
2016-09-29,3244.39,13.28
2016-09-30,3253.28,13.31
2016-10-10,3293.87,13.47
2016-10-11,3306.56,13.51
2016-10-12,3300.01,13.49
2016-10-13,3302.65,13.49
2016-10-14,3305.85,13.51
2016-10-17,3277.88,13.41
2016-10-18,3321.33,13.58
2016-10-19,3316.24,13.57
2016-10-20,3318.6,13.58
2016-10-21,3327.74,13.63
2016-10-24,3367.58,13.79
2016-10-25,3367.45,13.78
2016-10-26,3354.8,13.72
2016-10-27,3345.7,13.69
2016-10-28,3340.13,13.68
2016-10-31,3336.28,13.66
2016-11-01,3359.05,13.45
2016-11-02,3333.35,13.35
2016-11-03,3365.09,13.47
2016-11-04,3354.17,13.43
2016-11-07,3356.59,13.44
2016-11-08,3371.12,13.5
2016-11-09,3353.05,13.42
2016-11-10,3390.61,13.56
2016-11-11,3417.22,13.66
2016-11-14,3430.25,13.72
2016-11-15,3429.87,13.71
2016-11-16,3429.59,13.71
2016-11-17,3436.54,13.72
2016-11-18,3417.46,13.65
2016-11-21,3441.11,13.76
2016-11-22,3468.36,13.89
2016-11-23,3474.73,13.91
2016-11-24,3488.74,13.94
2016-11-25,3521.3,14.06
2016-11-28,3535.08,14.14
2016-11-29,3564.04,14.26
2016-11-30,3538.0,14.12
2016-12-01,3565.04,14.22
2016-12-02,3528.95,14.12
2016-12-05,3469.41,13.9
2016-12-06,3459.15,13.85
2016-12-07,3475.75,13.91
2016-12-08,3470.14,13.88
2016-12-09,3493.7,14.0
2016-12-12,3409.18,13.97
2016-12-13,3405.04,13.95
2016-12-14,3378.95,13.86
2016-12-15,3340.43,13.68
2016-12-16,3346.03,13.69
2016-12-19,3328.98,13.64
2016-12-20,3309.06,13.57
2016-12-21,3338.54,13.71
2016-12-22,3335.67,13.73
2016-12-23,3307.6,13.63
2016-12-26,3322.4,13.68
2016-12-27,3316.39,13.63
2016-12-28,3301.89,13.58
2016-12-29,3297.76,13.55
2016-12-30,3310.08,13.6
2017-01-03,3342.23,13.74
2017-01-04,3368.31,13.84
2017-01-05,3367.79,13.86
2017-01-06,3347.67,13.82
2017-01-09,3363.9,13.88
2017-01-10,3358.27,13.85
2017-01-11,3334.5,13.76
2017-01-12,3317.62,13.7
2017-01-13,3319.91,13.73
2017-01-16,3319.45,13.77
2017-01-17,3326.36,13.79
2017-01-18,3339.37,13.84
2017-01-19,3329.29,13.79
2017-01-20,3354.89,13.87
2017-01-23,3364.08,13.9
2017-01-24,3364.45,13.94
2017-01-25,3375.9,13.98
2017-01-26,3387.96,14.01
2017-02-03,3364.49,13.92
2017-02-06,3373.21,13.95
2017-02-07,3365.68,13.92
2017-02-08,3383.29,13.97
2017-02-09,3396.29,14.03
2017-02-10,3413.49,14.1
2017-02-13,3436.28,14.18
2017-02-14,3435.8,14.18
2017-02-15,3421.71,14.16
2017-02-16,3440.93,14.21
2017-02-17,3421.44,14.12
2017-02-20,3471.39,14.31
2017-02-21,3482.82,14.35
2017-02-22,3489.76,14.38
2017-02-23,3473.32,14.31
2017-02-24,3473.85,14.31
2017-02-27,3446.22,14.21
2017-02-28,3452.81,14.24
2017-03-01,3458.44,14.26
2017-03-02,3435.1,14.17
2017-03-03,3427.86,14.12
2017-03-06,3446.48,14.14
2017-03-07,3453.96,14.18
2017-03-08,3448.73,14.16
2017-03-09,3426.94,14.07
2017-03-10,3427.89,14.06
2017-03-13,3458.1,14.18
2017-03-14,3456.69,14.18
2017-03-15,3463.64,14.2
2017-03-16,3481.51,14.27
2017-03-17,3445.81,14.13
2017-03-20,3449.61,14.18
2017-03-21,3466.35,14.24
2017-03-22,3450.05,14.16
2017-03-23,3461.98,14.19
2017-03-24,3489.6,14.3
2017-03-27,3478.04,14.27
2017-03-28,3469.81,14.23
2017-03-29,3465.19,14.22
2017-03-30,3436.76,14.14
2017-03-31,3456.05,14.22
2017-04-05,3503.89,14.41
2017-04-06,3514.05,14.45
2017-04-07,3517.46,14.48
2017-04-10,3505.14,14.44
2017-04-11,3517.33,14.49
2017-04-12,3509.44,14.44
2017-04-13,3514.57,14.45
2017-04-14,3486.5,14.34
2017-04-17,3479.94,14.31
2017-04-18,3462.74,14.23
2017-04-19,3445.88,14.13
2017-04-20,3461.55,14.18
2017-04-21,3466.79,14.22
2017-04-24,3431.26,14.12
2017-04-25,3440.97,14.12
2017-04-26,3445.18,14.14
2017-04-27,3446.72,14.17
2017-04-28,3439.75,14.13
2017-05-02,3426.58,13.64
2017-05-03,3413.13,13.58
2017-05-04,3404.39,13.56
2017-05-05,3382.55,13.5
2017-05-08,3358.81,13.44
2017-05-09,3352.53,13.41
2017-05-10,3337.7,13.36
2017-05-11,3356.65,13.44
2017-05-12,3385.38,13.56
2017-05-15,3399.19,13.61
2017-05-16,3428.65,13.64
2017-05-17,3409.97,13.56
2017-05-18,3398.11,13.52
2017-05-19,3403.85,13.53
2017-05-22,3411.24,13.57
2017-05-23,3424.19,13.66
2017-05-24,3424.17,13.63
2017-05-25,3485.66,13.72
2017-05-26,3480.43,13.72
2017-05-31,3492.88,13.77
2017-06-01,3497.74,13.82
2017-06-02,3486.51,13.77
2017-06-05,3468.75,13.65
2017-06-06,3492.88,13.72
2017-06-07,3533.87,13.86
2017-06-08,3560.98,13.92
2017-06-09,3576.17,13.97
2017-06-12,3574.39,14.12
2017-06-13,3582.27,14.14
2017-06-14,3535.3,13.98
2017-06-15,3528.79,13.94
2017-06-16,3518.76,13.88
2017-06-19,3553.67,13.96
2017-06-20,3546.49,13.94
2017-06-21,3587.96,14.07
2017-06-22,3590.34,14.1
2017-06-23,3622.88,14.19
2017-06-26,3668.09,14.32
2017-06-27,3674.72,14.34
2017-06-28,3646.17,14.25
2017-06-29,3668.83,14.29
2017-06-30,3666.8,14.31
2017-07-03,3650.85,14.27
2017-07-04,3619.98,14.19
2017-07-05,3659.68,14.3
2017-07-06,3660.1,14.29
2017-07-07,3655.93,14.28
2017-07-10,3653.69,14.26
2017-07-11,3670.81,14.28
2017-07-12,3658.82,14.22
2017-07-13,3686.92,14.32
2017-07-14,3703.09,14.36
2017-07-17,3663.56,14.3
2017-07-18,3667.18,14.26
2017-07-19,3729.75,14.45
2017-07-20,3747.88,14.47
2017-07-21,3728.6,14.4
2017-07-24,3743.47,14.43
2017-07-25,3719.56,14.39
2017-07-26,3705.39,14.38
2017-07-27,3712.19,14.4
2017-07-28,3721.89,14.43
2017-07-31,3737.87,14.47
2017-08-01,3770.38,14.59
2017-08-02,3760.85,14.57
2017-08-03,3727.83,14.46
2017-08-04,3707.58,14.4
2017-08-07,3726.79,14.45
2017-08-08,3732.21,14.47
2017-08-09,3731.04,14.42
2017-08-10,3715.92,14.39
2017-08-11,3647.35,14.17
2017-08-14,3694.68,14.29
2017-08-15,3706.06,14.36
2017-08-16,3701.42,14.33
2017-08-17,3721.28,14.41
2017-08-18,3724.67,14.41
2017-08-21,3740.99,14.47
2017-08-22,3752.3,14.5
2017-08-23,3756.09,14.54
2017-08-24,3734.65,14.47
2017-08-25,3795.75,14.73
2017-08-28,3842.71,14.88
2017-08-29,3834.54,14.86
2017-08-30,3834.3,14.84
2017-08-31,3822.09,14.78
2017-09-01,3830.54,14.97
2017-09-04,3845.62,15.05
2017-09-05,3857.05,15.09
2017-09-06,3849.45,15.07
2017-09-07,3829.87,14.99
2017-09-08,3825.99,14.97
2017-09-11,3825.65,14.98
2017-09-12,3837.93,15.01
2017-09-13,3842.61,15.02
2017-09-14,3829.96,14.97
2017-09-15,3831.3,14.93
2017-09-18,3843.14,14.97
2017-09-19,3832.12,14.95
2017-09-20,3842.44,14.98
2017-09-21,3837.82,14.99
2017-09-22,3837.73,14.99
2017-09-25,3817.79,14.96
2017-09-26,3820.78,14.96
2017-09-27,3821.2,14.95
2017-09-28,3822.54,14.95
2017-09-29,3836.5,14.98
2017-10-09,3882.21,15.12
2017-10-10,3889.86,15.15
2017-10-11,3902.69,15.21
2017-10-12,3912.95,15.22
2017-10-13,3921.0,15.23
2017-10-16,3913.45,15.23
2017-10-17,3913.07,15.21
2017-10-18,3944.16,15.34
2017-10-19,3931.25,15.33
2017-10-20,3926.85,15.3
2017-10-23,3930.8,15.3
2017-10-24,3959.4,15.4
2017-10-25,3976.95,15.43
2017-10-26,3993.58,15.46
2017-10-27,4021.97,15.55
2017-10-30,4009.72,15.53
2017-10-31,4006.72,15.51
2017-11-01,3996.62,14.99
2017-11-02,3997.13,14.99
2017-11-03,3992.7,14.99
2017-11-06,4020.89,15.06
2017-11-07,4054.25,15.18
2017-11-08,4048.01,15.16
2017-11-09,4075.9,15.22
2017-11-10,4111.91,15.27
2017-11-13,4128.07,15.34
2017-11-14,4099.35,15.24
2017-11-15,4073.67,15.13
2017-11-16,4105.01,15.17
2017-11-17,4120.85,15.25
2017-11-20,4143.83,15.33
2017-11-21,4217.7,15.52
2017-11-22,4227.57,15.62
2017-11-23,4102.4,15.21
2017-11-24,4104.2,15.21
2017-11-27,4049.95,15.03
2017-11-28,4055.82,15.03
2017-11-29,4053.75,15.03
2017-11-30,4006.1,14.9
2017-12-01,3998.14,14.88
2017-12-04,4018.86,14.93
2017-12-05,4040.17,15.02
2017-12-06,4015.82,14.93
2017-12-07,3971.06,14.78
2017-12-08,4003.38,14.85
2017-12-11,4069.5,15.22
2017-12-12,4016.02,15.03
2017-12-13,4050.09,15.14
2017-12-14,4026.15,15.06
2017-12-15,3980.86,14.91
2017-12-18,3985.29,14.93
2017-12-19,4035.33,15.09
2017-12-20,4030.49,15.08
2017-12-21,4067.85,15.18
2017-12-22,4054.6,15.15
2017-12-25,4041.54,15.1
2017-12-26,4053.62,15.18
2017-12-27,3991.21,15.0
2017-12-28,4018.9,15.11
2017-12-29,4030.85,15.18
2018-01-02,4087.4,15.37
2018-01-03,4111.39,15.45
2018-01-04,4128.81,15.54
2018-01-05,4138.75,15.58
2018-01-08,4160.16,15.66
2018-01-09,4189.3,15.72
2018-01-10,4207.81,15.82
2018-01-11,4205.59,15.83
2018-01-12,4225.0,15.88
2018-01-15,4225.24,15.9
2018-01-16,4258.47,16.01
2018-01-17,4248.12,16.04
2018-01-18,4271.42,16.18
2018-01-19,4285.4,16.26
2018-01-22,4336.6,16.39
2018-01-23,4382.61,16.64
2018-01-24,4389.89,16.68
2018-01-25,4365.08,16.61
2018-01-26,4381.3,16.67
2018-01-29,4302.02,16.47
2018-01-30,4256.1,16.25
2018-01-31,4275.9,16.32
2018-02-01,4245.9,16.29
2018-02-02,4271.23,16.42
2018-02-05,4274.15,16.52
2018-02-06,4148.89,16.05
2018-02-07,4050.5,15.63
2018-02-08,4012.05,15.37
2018-02-09,3840.65,14.73
2018-02-12,3890.1,14.84
2018-02-13,3935.63,15.01
2018-02-14,3966.96,15.1
2018-02-22,4052.73,15.44
2018-02-23,4071.09,15.52
2018-02-26,4118.42,15.69
2018-02-27,4058.98,15.45
2018-02-28,4023.64,15.3
2018-03-01,4049.09,15.37
2018-03-02,4016.46,15.26
2018-03-05,4018.1,15.26
2018-03-06,4066.56,15.42
2018-03-07,4036.65,15.33
2018-03-08,4077.6,15.43
2018-03-09,4108.87,15.52
2018-03-12,4127.67,15.57
2018-03-13,4091.25,15.47
2018-03-14,4073.34,15.4
2018-03-15,4096.16,15.46
2018-03-16,4056.42,15.31
2018-03-19,4074.25,15.36
2018-03-20,4077.7,15.41
2018-03-21,4061.05,15.35
2018-03-22,4020.35,15.23
2018-03-23,3904.94,14.84
2018-03-26,3879.89,14.68
2018-03-27,3913.27,14.78
2018-03-28,3842.72,14.55
2018-03-29,3894.05,14.75
2018-03-30,3898.5,14.75
2018-04-02,3886.92,14.68
2018-04-03,3862.48,14.57
2018-04-04,3854.86,14.54
2018-04-09,3852.93,14.54
2018-04-10,3927.17,14.83
2018-04-11,3938.34,14.9
2018-04-12,3898.64,14.75
2018-04-13,3871.14,14.65
2018-04-16,3808.86,14.39
2018-04-17,3748.64,14.19
2018-04-18,3766.28,14.28
2018-04-19,3811.84,14.44
2018-04-20,3760.85,14.26
2018-04-23,3766.33,14.28
2018-04-24,3843.49,14.56
2018-04-25,3828.7,14.48
2018-04-26,3755.49,14.27
2018-04-27,3756.88,14.32
2018-05-02,3763.65,13.37
2018-05-03,3793.0,13.46
2018-05-04,3774.6,13.4
2018-05-07,3834.19,13.6
2018-05-08,3878.68,13.73
2018-05-09,3871.62,13.71
2018-05-10,3893.06,13.79
2018-05-11,3872.84,13.74
2018-05-14,3909.29,13.84
2018-05-15,3924.1,13.89
2018-05-16,3892.84,13.76
2018-05-17,3864.05,13.68
2018-05-18,3903.06,13.87
2018-05-21,3921.24,13.91
2018-05-22,3906.21,13.86
2018-05-23,3854.58,13.65
2018-05-24,3827.22,13.56
2018-05-25,3816.5,13.5
2018-05-28,3833.26,13.53
2018-05-29,3804.01,13.43
2018-05-30,3723.37,13.13
2018-05-31,3802.38,13.38
2018-06-01,3770.59,13.29
2018-06-04,3807.58,13.4
2018-06-05,3845.32,13.48
2018-06-06,3837.35,13.46
2018-06-07,3831.01,13.45
2018-06-08,3779.62,13.27
2018-06-11,3779.98,13.51
2018-06-12,3825.95,13.63
2018-06-13,3788.34,13.5
2018-06-14,3773.37,13.47
2018-06-15,3753.43,13.42
2018-06-19,3621.12,13.01
2018-06-20,3635.44,13.04
2018-06-21,3592.97,12.89
2018-06-22,3608.9,12.93
2018-06-25,3560.48,12.76
2018-06-26,3531.11,12.65
2018-06-27,3459.26,12.45
2018-06-28,3423.53,12.34
2018-06-29,3510.98,12.53
2018-07-02,3407.96,12.16
2018-07-03,3409.28,12.15
2018-07-04,3363.75,12.02
2018-07-05,3342.44,11.88
2018-07-06,3365.12,11.94
2018-07-09,3459.18,12.27
2018-07-10,3467.52,12.3
2018-07-11,3407.53,12.09
2018-07-12,3481.06,12.34
2018-07-13,3492.69,12.31
2018-07-16,3472.09,12.23
2018-07-17,3449.38,12.09
2018-07-18,3431.32,12.04
2018-07-19,3428.34,12.02
2018-07-20,3492.89,12.27
2018-07-23,3525.75,12.41
2018-07-24,3581.71,12.6
2018-07-25,3577.75,12.58
2018-07-26,3536.25,12.46
2018-07-27,3521.23,12.42
2018-07-30,3515.08,12.41
2018-07-31,3517.66,12.44
2018-08-01,3447.39,12.2
2018-08-02,3370.96,11.96
2018-08-03,3315.28,11.81
2018-08-06,3273.27,11.68
2018-08-07,3368.87,12.01
2018-08-08,3314.51,11.84
2018-08-09,3397.53,12.09
2018-08-10,3405.02,12.09
2018-08-13,3390.34,12.02
2018-08-14,3372.91,11.99
2018-08-15,3291.98,11.73
2018-08-16,3276.73,11.66
2018-08-17,3229.62,11.52
2018-08-20,3267.25,11.67
2018-08-21,3326.65,11.84
2018-08-22,3307.95,11.77
2018-08-23,3320.03,11.8
2018-08-24,3325.33,11.83
2018-08-27,3406.57,12.09
2018-08-28,3400.17,12.06
2018-08-29,3386.57,12.03
2018-08-30,3351.09,11.9
2018-08-31,3334.5,11.87
2018-09-03,3321.82,11.74
2018-09-04,3363.9,11.88
2018-09-05,3298.14,11.66
2018-09-06,3262.88,11.58
2018-09-07,3277.64,11.62
2018-09-10,3230.07,11.48
2018-09-11,3224.21,11.46
2018-09-12,3202.02,11.4
2018-09-13,3236.57,11.53
2018-09-14,3242.09,11.55
2018-09-17,3204.92,11.43
2018-09-18,3269.43,11.64
2018-09-19,3312.48,11.79
2018-09-20,3310.13,11.79
2018-09-21,3410.49,12.14
2018-09-25,3379.8,12.04
2018-09-26,3417.24,12.17
2018-09-27,3403.59,12.14
2018-09-28,3438.86,12.26
2018-10-08,3290.9,11.75
2018-10-09,3288.69,11.76
2018-10-10,3281.6,11.76
2018-10-11,3124.11,11.22
2018-10-12,3170.73,11.39
2018-10-15,3126.45,11.22
2018-10-16,3100.97,11.16
2018-10-17,3118.25,11.23
2018-10-18,3044.39,10.92
2018-10-19,3134.95,11.22
2018-10-22,3270.27,11.67
2018-10-23,3183.43,11.37
2018-10-24,3188.2,11.39
2018-10-25,3194.31,11.41
2018-10-26,3173.64,11.37
2018-10-29,3076.89,11.07
2018-10-30,3110.26,11.17
2018-10-31,3153.82,11.31
2018-11-01,3177.03,11.17
2018-11-02,3290.25,11.51
2018-11-05,3262.84,11.41
2018-11-06,3243.15,11.36
2018-11-07,3221.91,11.28
2018-11-08,3212.77,11.26
2018-11-09,3167.44,11.07
2018-11-12,3205.14,11.18
2018-11-13,3237.38,11.27
2018-11-14,3204.94,11.14
2018-11-15,3242.37,11.27
2018-11-16,3257.67,11.3
2018-11-19,3294.6,11.43
2018-11-20,3218.41,11.19
2018-11-21,3226.49,11.2
2018-11-22,3214.43,11.17
2018-11-23,3143.48,10.94
2018-11-26,3141.24,10.92
2018-11-27,3137.24,10.9
2018-11-28,3178.93,11.03
2018-11-29,3137.65,10.9
2018-11-30,3172.69,11.01
2018-12-03,3260.95,11.3
2018-12-04,3267.71,11.32
2018-12-05,3252.0,11.27
2018-12-06,3181.67,11.05
2018-12-07,3181.56,11.06
2018-12-10,3144.76,10.96
2018-12-11,3159.82,11.0
2018-12-12,3170.61,11.05
2018-12-13,3219.69,11.2
2018-12-14,3165.91,11.05
2018-12-17,3161.2,11.19
2018-12-18,3128.43,11.08
2018-12-19,3091.13,10.96
2018-12-20,3067.42,10.88
2018-12-21,3029.4,10.77
2018-12-24,3038.2,10.81
2018-12-25,3017.28,10.72
2018-12-26,3002.03,10.69
2018-12-27,2990.51,10.64
2018-12-28,3010.65,10.71
2019-01-02,2969.54,10.56
2019-01-03,2964.84,10.55
2019-01-04,3035.87,10.78
2019-01-07,3054.3,10.83
2019-01-08,3047.7,10.81
2019-01-09,3078.48,10.91
2019-01-10,3072.69,10.86
2019-01-11,3094.78,10.93
2019-01-14,3067.78,10.84
2019-01-15,3127.99,11.01
2019-01-16,3128.65,11.02
2019-01-17,3111.42,10.97
2019-01-18,3168.17,11.16
2019-01-21,3185.64,11.23
2019-01-22,3143.32,11.08
2019-01-23,3141.05,11.08
2019-01-24,3158.78,11.13
2019-01-25,3184.47,11.22
2019-01-28,3183.78,11.22
2019-01-29,3193.97,11.26
2019-01-30,3168.48,11.18
2019-01-31,3201.63,11.3
2019-02-01,3247.4,11.43
2019-02-11,3306.47,11.59
2019-02-12,3330.34,11.67
2019-02-13,3397.03,11.89
2019-02-14,3402.14,11.89
2019-02-15,3338.7,11.68
2019-02-18,3445.74,12.02
2019-02-19,3439.61,12.0
2019-02-20,3451.93,12.05
2019-02-21,3442.71,12.0
2019-02-22,3520.12,12.22
2019-02-25,3729.48,12.91
2019-02-26,3684.69,12.78
2019-02-27,3678.39,12.8
2019-02-28,3669.37,12.74
2019-03-01,3749.71,13.01
2019-03-04,3794.1,13.15
2019-03-05,3816.01,13.21
2019-03-06,3848.09,13.34
2019-03-07,3808.85,13.22
2019-03-08,3657.58,12.69
2019-03-11,3729.95,12.92
2019-03-12,3755.35,13.01
2019-03-13,3724.19,12.88
2019-03-14,3698.49,12.79
2019-03-15,3745.01,12.92
2019-03-18,3851.75,13.26
2019-03-19,3833.96,13.21
2019-03-20,3835.44,13.19
2019-03-21,3836.89,13.19
2019-03-22,3833.8,13.18
2019-03-25,3742.83,12.87
2019-03-26,3700.44,12.74
2019-03-27,3743.39,12.86
2019-03-28,3728.4,12.79
2019-03-29,3872.34,13.25
2019-04-01,3973.93,13.57
2019-04-02,3971.29,13.55
2019-04-03,4022.16,13.71
2019-04-04,4062.23,13.85
2019-04-08,4057.23,13.84
2019-04-09,4075.43,13.86
2019-04-10,4085.85,13.86
2019-04-11,3997.58,13.61
2019-04-12,3988.62,13.6
2019-04-15,3975.52,13.56
2019-04-16,4085.79,13.91
2019-04-17,4087.24,13.93
2019-04-18,4072.08,13.88
2019-04-19,4120.61,13.99
2019-04-22,4025.61,13.71
2019-04-23,4019.01,13.68
2019-04-24,4030.09,13.7
2019-04-25,3941.82,13.43
2019-04-26,3889.27,13.26
2019-04-29,3900.33,13.28
2019-04-30,3913.21,13.32
2019-05-06,3684.62,13.17
2019-05-07,3720.67,13.27
2019-05-08,3667.46,13.09
2019-05-09,3599.7,12.86
2019-05-10,3730.45,13.26
2019-05-13,3668.73,13.07
2019-05-14,3645.15,12.99
2019-05-15,3727.09,13.25
2019-05-16,3743.96,13.31
2019-05-17,3648.76,13.01
2019-05-20,3617.79,12.95
2019-05-21,3666.78,13.09
2019-05-22,3649.38,13.04
2019-05-23,3583.96,12.85
2019-05-24,3593.91,12.87
2019-05-27,3637.2,13.0
2019-05-28,3672.26,13.12
2019-05-29,3663.91,13.1
2019-05-30,3641.18,13.04
2019-05-31,3629.79,12.99
2019-06-03,3632.01,12.99
2019-06-04,3598.47,12.89
2019-06-05,3597.11,12.89
2019-06-06,3564.68,12.78
2019-06-10,3610.74,12.91
2019-06-11,3719.28,13.23
2019-06-12,3691.1,13.13
2019-06-13,3685.39,13.11
2019-06-14,3654.88,13.02
2019-06-17,3654.82,13.25
2019-06-18,3667.62,13.27
2019-06-19,3715.94,13.4
2019-06-20,3828.52,13.76
2019-06-21,3833.94,13.8
2019-06-24,3841.27,13.83
2019-06-25,3801.31,13.71
2019-06-26,3794.33,13.68
2019-06-27,3834.82,13.79
2019-06-28,3825.59,13.72
2019-07-01,3935.81,14.06
2019-07-02,3937.17,14.06
2019-07-03,3893.53,13.9
2019-07-04,3873.1,13.84
2019-07-05,3893.2,13.88
2019-07-08,3802.79,13.57
2019-07-09,3793.13,13.53
2019-07-10,3786.74,13.49
2019-07-11,3785.22,13.49
2019-07-12,3808.73,13.57
2019-07-15,3824.19,13.61
2019-07-16,3806.84,13.56
2019-07-17,3804.64,13.55
2019-07-18,3768.4,13.43
2019-07-19,3807.96,13.56
2019-07-22,3781.68,13.47
2019-07-23,3789.91,13.5
2019-07-24,3819.83,13.6
2019-07-25,3851.07,13.69
2019-07-26,3858.57,13.72
2019-07-29,3854.27,13.7
2019-07-30,3870.32,13.75
2019-07-31,3835.36,13.65
2019-08-01,3803.47,13.53
2019-08-02,3747.44,13.34
2019-08-05,3675.69,13.09
2019-08-06,3636.33,12.95
2019-08-07,3621.43,12.89
2019-08-08,3669.29,13.05
2019-08-09,3633.53,12.95
2019-08-12,3699.1,13.16
2019-08-13,3665.75,13.06
2019-08-14,3682.4,13.12
2019-08-15,3694.0,13.16
2019-08-16,3710.54,13.19
2019-08-19,3791.09,13.46
2019-08-20,3787.73,13.44
2019-08-21,3781.76,13.43
2019-08-22,3793.51,13.45
2019-08-23,3820.86,13.53
2019-08-26,3765.91,13.35
2019-08-27,3816.95,13.53
2019-08-28,3802.58,13.48
2019-08-29,3790.19,13.45
2019-08-30,3799.59,13.47
2019-09-02,3848.32,12.75
2019-09-03,3853.61,12.78
2019-09-04,3886.0,12.89
2019-09-05,3925.32,13.01
2019-09-06,3948.51,13.08
2019-09-09,3972.95,13.15
2019-09-10,3959.27,13.12
2019-09-11,3930.1,13.04
2019-09-12,3972.38,13.16
2019-09-16,3957.72,13.13
2019-09-17,3891.22,12.92
2019-09-18,3910.08,12.96
2019-09-19,3924.38,13.01
2019-09-20,3935.65,13.05
2019-09-23,3890.66,12.91
2019-09-24,3901.08,12.94
2019-09-25,3870.98,12.83
2019-09-26,3841.14,12.75
2019-09-27,3852.65,12.77
2019-09-30,3814.53,12.66
2019-10-08,3837.68,12.71
2019-10-09,3843.24,12.74
2019-10-10,3874.64,12.83
2019-10-11,3911.73,12.96
2019-10-14,3953.24,13.1
2019-10-15,3936.25,13.05
2019-10-16,3922.69,13.0
2019-10-17,3925.22,13.01
2019-10-18,3869.38,12.85
2019-10-21,3880.84,12.9
2019-10-22,3895.88,12.95
2019-10-23,3871.08,12.89
2019-10-24,3870.67,12.89
2019-10-25,3896.79,12.97
2019-10-28,3926.59,13.06
2019-10-29,3910.23,12.99
2019-10-30,3891.23,12.95
2019-10-31,3886.75,12.92
2019-11-01,3952.39,12.8
2019-11-04,3978.12,12.88
2019-11-05,4002.81,12.96
2019-11-06,3984.88,12.91
2019-11-07,3991.87,12.91
2019-11-08,3973.01,12.85
2019-11-11,3902.98,12.63
2019-11-12,3903.69,12.64
2019-11-13,3899.98,12.61
2019-11-14,3905.86,12.62
2019-11-15,3877.09,12.54
2019-11-18,3907.93,12.62
2019-11-19,3947.04,12.73
2019-11-20,3907.86,12.62
2019-11-21,3889.6,12.57
2019-11-22,3849.99,12.46
2019-11-25,3878.21,12.56
2019-11-26,3891.65,12.61
2019-11-27,3875.62,12.56
2019-11-28,3862.3,12.51
2019-11-29,3828.67,12.4
2019-12-02,3836.06,12.42
2019-12-03,3851.09,12.46
2019-12-04,3849.82,12.43
2019-12-05,3879.36,12.53
2019-12-06,3902.39,12.59
2019-12-09,3895.45,12.58
2019-12-10,3900.38,12.58
2019-12-11,3902.75,12.6
2019-12-12,3891.02,12.57
2019-12-13,3968.22,12.82
2019-12-16,3987.55,13.07
2019-12-17,4041.8,13.24
2019-12-18,4032.78,13.22
2019-12-19,4027.15,13.2
2019-12-20,4017.25,13.17
2019-12-23,3967.1,13.0
2019-12-24,3992.96,13.07
2019-12-25,3990.87,13.06
2019-12-26,4025.99,13.18
2019-12-27,4022.03,13.17
2019-12-30,4081.63,13.35
2019-12-31,4096.58,13.39
2020-01-02,4152.24,13.55
2020-01-03,4144.96,13.53
2020-01-06,4129.3,13.5
2020-01-07,4160.23,13.59
2020-01-08,4112.32,13.43
2020-01-09,4164.37,13.57
2020-01-10,4163.18,13.57
2020-01-13,4203.99,13.68
2020-01-14,4189.89,13.64
2020-01-15,4166.73,13.56
2020-01-16,4149.04,13.49
2020-01-17,4154.85,13.5
2020-01-20,4185.83,13.59
2020-01-21,4114.31,13.38
2020-01-22,4131.93,13.44
2020-01-23,4003.9,13.07
2020-02-03,3688.36,12.06
2020-02-04,3785.64,12.34
2020-02-05,3828.53,12.48
2020-02-06,3899.78,12.69
2020-02-07,3899.87,12.69
2020-02-10,3916.01,12.73
2020-02-11,3952.46,12.84
2020-02-12,3984.43,12.93
2020-02-13,3959.92,12.86
2020-02-14,3987.73,12.93
2020-02-17,4077.42,13.22
2020-02-18,4057.51,13.15
2020-02-19,4051.31,13.14
2020-02-20,4144.66,13.41
2020-02-21,4149.49,13.43
2020-02-24,4132.84,13.38
2020-02-25,4123.85,13.32
2020-02-26,4073.02,13.19
2020-02-27,4084.88,13.21
2020-02-28,3940.05,12.76
2020-03-02,4069.67,13.15
2020-03-03,4091.36,13.22
2020-03-04,4115.05,13.29
2020-03-05,4206.73,13.57
2020-03-06,4138.51,13.37
2020-03-09,3997.13,12.95
2020-03-10,4082.73,13.2
2020-03-11,4028.43,13.05
2020-03-12,3950.91,12.82
2020-03-13,3895.31,12.65
2020-03-16,3727.84,12.19
2020-03-17,3709.68,12.12
2020-03-18,3636.26,11.89
2020-03-19,3589.09,11.74
2020-03-20,3653.22,11.94
2020-03-23,3530.31,11.56
2020-03-24,3625.11,11.86
2020-03-25,3722.52,12.15
2020-03-26,3698.05,12.08
2020-03-27,3710.06,12.12
2020-03-30,3674.11,12.02
2020-03-31,3686.16,12.06
2020-04-01,3675.08,12.0
2020-04-02,3734.53,12.2
2020-04-03,3713.22,12.13
2020-04-07,3798.02,12.38
2020-04-08,3780.34,12.32
2020-04-09,3792.81,12.36
2020-04-10,3769.18,12.27
2020-04-13,3753.26,12.23
2020-04-14,3825.7,12.44
2020-04-15,3797.36,12.36
2020-04-16,3802.38,12.38
2020-04-17,3839.49,12.5
2020-04-20,3853.46,12.53
2020-04-21,3808.05,12.4
2020-04-22,3839.38,12.48
2020-04-23,3829.75,12.46
2020-04-24,3796.97,12.35
2020-04-27,3822.77,12.42
2020-04-28,3849.15,12.48
2020-04-29,3867.03,12.53
2020-04-30,3912.58,12.68
2020-05-06,3936.25,12.95
2020-05-07,3924.89,12.9
2020-05-08,3963.62,13.02
2020-05-11,3960.18,13.01
2020-05-12,3960.24,13.0
2020-05-13,3968.25,13.02
2020-05-14,3925.22,12.89
2020-05-15,3912.82,12.85
2020-05-18,3922.91,12.88
2020-05-19,3956.25,12.99
2020-05-20,3935.22,12.92
2020-05-21,3913.79,12.85
2020-05-22,3824.06,12.58
2020-05-25,3829.32,12.59
2020-05-26,3872.77,12.71
2020-05-27,3845.61,12.64
2020-05-28,3856.63,12.68
2020-05-29,3867.02,12.69
2020-06-01,3971.34,13.01
2020-06-02,3983.57,13.04
2020-06-03,3983.65,13.05
2020-06-04,3982.19,12.98
2020-06-05,4001.25,13.04
2020-06-08,4021.95,13.09
2020-06-09,4047.03,13.17
2020-06-10,4039.71,13.14
2020-06-11,3995.88,12.99
2020-06-12,4003.08,13.0
2020-06-15,3954.99,13.01
2020-06-16,4014.57,13.19
2020-06-17,4017.59,13.19
2020-06-18,4044.38,13.26
2020-06-19,4098.71,13.42
2020-06-22,4102.05,13.42
2020-06-23,4121.79,13.47
2020-06-24,4138.99,13.53
2020-06-29,4109.72,13.45
2020-06-30,4163.96,13.57
2020-07-01,4247.78,13.82
2020-07-02,4335.84,14.12
2020-07-03,4419.6,14.42
2020-07-06,4670.09,15.26
2020-07-07,4698.13,15.34
2020-07-08,4774.0,15.56
2020-07-09,4840.77,15.76
2020-07-10,4753.13,15.41
2020-07-13,4852.96,15.69
2020-07-14,4806.69,15.55
2020-07-15,4744.47,15.33
2020-07-16,4516.25,14.62
2020-07-17,4544.7,14.7
2020-07-20,4680.3,15.12
2020-07-21,4691.04,15.14
2020-07-22,4714.45,15.21
2020-07-23,4712.44,15.17
2020-07-24,4505.59,14.56
2020-07-27,4528.45,14.64
2020-07-28,4568.26,14.76
2020-07-29,4679.01,15.09
2020-07-30,4656.15,15.02
2020-07-31,4695.05,15.12
2020-08-03,4771.31,15.35
2020-08-04,4775.8,15.38
2020-08-05,4777.11,15.37
2020-08-06,4762.76,15.34
2020-08-07,4707.93,15.18
2020-08-10,4724.87,15.27
2020-08-11,4681.78,15.14
2020-08-12,4647.64,15.05
2020-08-13,4635.71,15.01
2020-08-14,4704.63,15.24
2020-08-17,4815.23,15.61
2020-08-18,4812.76,15.61
2020-08-19,4740.68,15.4
2020-08-20,4679.15,15.19
2020-08-21,4718.84,15.31
2020-08-24,4755.85,15.39
2020-08-25,4761.95,15.39
2020-08-26,4706.13,15.23
2020-08-27,4731.35,15.31
2020-08-28,4844.27,15.64
2020-08-31,4816.22,15.54
2020-09-01,4842.12,16.08
2020-09-02,4843.89,16.09
2020-09-03,4817.1,16.01
2020-09-04,4770.22,15.85
2020-09-07,4669.37,15.52
2020-09-08,4694.39,15.61
2020-09-09,4584.59,15.28
2020-09-10,4581.98,15.29
2020-09-11,4627.28,15.43
2020-09-14,4651.05,15.49
2020-09-15,4688.48,15.59
2020-09-16,4657.36,15.5
2020-09-17,4632.71,15.41
2020-09-18,4737.09,15.75
2020-09-21,4691.43,15.6
2020-09-22,4635.76,15.44
2020-09-23,4652.33,15.48
2020-09-24,4563.07,15.22
2020-09-25,4570.02,15.23
2020-09-28,4581.91,15.28
2020-09-29,4591.8,15.3
2020-09-30,4587.4,15.29
2020-10-09,4681.14,15.56
2020-10-12,4823.16,16.01
2020-10-13,4839.2,16.05
2020-10-14,4807.1,15.96
2020-10-15,4798.74,15.94
2020-10-16,4791.68,15.95
2020-10-19,4755.49,15.85
2020-10-20,4793.47,15.95
2020-10-21,4792.83,15.97
2020-10-22,4777.98,15.91
2020-10-23,4718.49,15.72
2020-10-26,4691.24,15.62
2020-10-27,4699.28,15.66
2020-10-28,4737.27,15.77
2020-10-29,4772.92,15.85
2020-10-30,4695.33,15.61
2020-11-02,4720.83,15.31
2020-11-03,4777.56,15.49
2020-11-04,4813.66,15.57
2020-11-05,4885.11,15.78
2020-11-06,4885.72,15.76
2020-11-09,4981.35,16.06
2020-11-10,4953.88,15.98
2020-11-11,4904.9,15.86
2020-11-12,4908.46,15.85
2020-11-13,4856.85,15.68
2020-11-16,4904.17,15.83
2020-11-17,4894.79,15.8
2020-11-18,4891.67,15.8
2020-11-19,4927.99,15.91
2020-11-20,4943.29,15.95
2020-11-23,5005.03,16.14
2020-11-24,4974.29,16.05
2020-11-25,4910.7,15.86
2020-11-26,4919.59,15.89
2020-11-27,4980.77,16.12
2020-11-30,4960.25,16.04
2020-12-01,5067.1,16.35
2020-12-02,5067.14,16.33
2020-12-03,5057.06,16.3
2020-12-04,5065.92,16.33
2020-12-07,5022.24,16.18
2020-12-08,5009.88,16.15
2020-12-09,4942.7,15.96
2020-12-10,4940.52,15.95
2020-12-11,4889.63,15.83
2020-12-14,4934.84,16.5
2020-12-15,4945.1,16.51
2020-12-16,4953.87,16.54
2020-12-17,5017.48,16.71
2020-12-18,4999.97,16.65
2020-12-21,5046.84,16.79
2020-12-22,4964.77,16.52
2020-12-23,5007.12,16.64
2020-12-24,5000.02,16.62
2020-12-25,5042.01,16.76
2020-12-28,5064.41,16.82
2020-12-29,5042.94,16.74
2020-12-30,5113.71,16.94
2020-12-31,5211.29,17.25
2021-01-04,5267.72,17.41
2021-01-05,5368.5,17.7
2021-01-06,5417.67,17.88
2021-01-07,5513.66,18.17
2021-01-08,5495.43,18.12
2021-01-11,5441.16,17.95
2021-01-12,5596.35,18.41
2021-01-13,5577.97,18.38
2021-01-14,5470.46,18.08
2021-01-15,5458.08,18.04
2021-01-18,5518.52,18.18
2021-01-19,5437.52,17.95
2021-01-20,5476.43,18.06
2021-01-21,5564.97,18.33
2021-01-22,5569.78,18.31
2021-01-25,5625.92,18.5
2021-01-26,5512.97,18.17
2021-01-27,5528.0,18.21
2021-01-28,5377.14,17.77
2021-01-29,5351.96,17.72
2021-02-01,5417.65,17.9
2021-02-02,5501.09,18.14
2021-02-03,5485.2,18.08
2021-02-04,5473.95,18.05
2021-02-05,5483.41,18.09
2021-02-08,5564.56,18.32
2021-02-09,5686.25,18.7
2021-02-10,5807.72,19.09
2021-02-18,5768.38,18.97
2021-02-19,5778.84,19.0
2021-02-22,5597.33,18.48
2021-02-23,5579.67,18.4
2021-02-24,5437.57,17.94
2021-02-25,5469.56,18.06
2021-02-26,5336.76,17.63
2021-03-01,5418.78,17.86
2021-03-02,5349.63,17.62
2021-03-03,5452.21,17.95
2021-03-04,5280.71,17.45
2021-03-05,5262.8,17.44
2021-03-08,5080.02,16.89
2021-03-09,4971.0,16.55
2021-03-10,5003.61,16.62
2021-03-11,5128.22,17.01
2021-03-12,5146.38,17.08
2021-03-15,5035.54,16.76
2021-03-16,5079.36,16.91
2021-03-17,5100.86,16.95
2021-03-18,5141.77,17.08
2021-03-19,5007.09,16.65
2021-03-22,5057.15,16.8
2021-03-23,5009.25,16.66
2021-03-24,4928.69,16.42
2021-03-25,4926.35,16.41
2021-03-26,5037.99,16.73
2021-03-29,5046.88,16.79
2021-03-30,5094.73,16.94
2021-03-31,5048.36,16.82
2021-04-01,5110.78,16.98
2021-04-02,5161.56,17.13
2021-04-06,5140.34,17.07
2021-04-07,5103.74,16.97
2021-04-08,5112.21,17.0
2021-04-09,5035.34,16.76
2021-04-12,4947.75,16.52
2021-04-13,4939.64,16.49
2021-04-14,4980.63,16.6
2021-04-15,4948.97,16.5
2021-04-16,4966.18,16.57
2021-04-19,5087.02,16.92
2021-04-20,5083.37,16.9
2021-04-21,5098.74,16.93
2021-04-22,5089.24,16.9
2021-04-23,5135.45,17.02
2021-04-26,5077.24,16.83
2021-04-27,5090.52,16.87
2021-04-28,5119.24,16.96
2021-04-29,5164.17,17.09
2021-04-30,5123.49,16.93
2021-05-06,5061.12,14.74
2021-05-07,4996.05,14.59
2021-05-10,4992.42,14.6
2021-05-11,5023.06,14.69
2021-05-12,5044.55,14.76
2021-05-13,4992.97,14.62
2021-05-14,5110.59,14.94
2021-05-17,5184.99,15.12
2021-05-18,5187.6,15.14
2021-05-19,5172.27,15.08
2021-05-20,5186.41,15.11
2021-05-21,5134.15,14.96
2021-05-24,5155.59,15.02
2021-05-25,5318.48,15.47
2021-05-26,5320.59,15.48
2021-05-27,5338.23,15.52
2021-05-28,5321.09,15.48
2021-05-31,5331.57,15.49
2021-06-01,5341.68,15.5
2021-06-02,5289.97,15.37
2021-06-03,5255.29,15.22
2021-06-04,5282.28,15.28
2021-06-07,5277.63,15.28
2021-06-08,5232.12,15.15
2021-06-09,5236.45,15.18
2021-06-10,5271.47,15.26
2021-06-11,5224.7,15.14
2021-06-15,5166.56,15.55
2021-06-16,5080.49,15.33
2021-06-17,5101.89,15.36
2021-06-18,5102.47,15.33
2021-06-21,5090.39,15.3
2021-06-22,5122.16,15.4
2021-06-23,5147.39,15.42
2021-06-24,5155.97,15.45
2021-06-25,5239.97,15.69
2021-06-28,5251.76,15.71
2021-06-29,5190.54,15.53
2021-06-30,5224.04,15.62
2021-07-01,5229.66,15.63
2021-07-02,5081.12,15.22
2021-07-05,5085.79,15.24
2021-07-06,5083.1,15.23
2021-07-07,5140.49,15.36
2021-07-08,5088.26,15.21
2021-07-09,5069.44,15.15
2021-07-12,5132.71,15.29
2021-07-13,5142.1,15.32
2021-07-14,5083.08,15.12
2021-07-15,5151.46,15.3
2021-07-16,5094.77,15.14
2021-07-19,5113.49,15.17
2021-07-20,5108.99,15.15
2021-07-21,5144.04,15.24
2021-07-22,5151.75,15.28
2021-07-23,5089.23,15.13
2021-07-26,4925.3,14.67
2021-07-27,4751.31,14.2
2021-07-28,4760.48,14.21
2021-07-29,4850.27,14.43
2021-07-30,4811.17,14.32
2021-08-02,4933.74,14.67
2021-08-03,4934.46,14.65
2021-08-04,4978.85,14.76
2021-08-05,4948.67,14.67
2021-08-06,4921.56,14.6
2021-08-09,4985.56,14.78
2021-08-10,5043.15,14.95
2021-08-11,5015.34,14.89
2021-08-12,4973.35,14.78
2021-08-13,4945.98,14.71
2021-08-16,4941.07,14.72
2021-08-17,4837.4,14.42
2021-08-18,4894.24,14.59
2021-08-19,4862.14,14.48
2021-08-20,4769.27,14.23
2021-08-23,4835.88,14.42
2021-08-24,4888.39,14.57
2021-08-25,4898.16,14.6
2021-08-26,4801.61,14.34
2021-08-27,4827.04,14.41
2021-08-30,4813.27,14.38
2021-08-31,4805.61,14.39
2021-09-01,4869.46,13.85
2021-09-02,4869.41,13.85
2021-09-03,4843.06,13.79
2021-09-06,4933.73,14.03
2021-09-07,4992.83,14.19
2021-09-08,4972.13,14.15
2021-09-09,4970.01,14.17
2021-09-10,5013.52,14.26
2021-09-13,4991.66,14.25
2021-09-14,4917.16,14.06
2021-09-15,4867.32,13.93
2021-09-16,4807.7,13.78
2021-09-17,4855.94,13.88
2021-09-22,4821.77,13.83
2021-09-23,4853.2,13.9
2021-09-24,4849.43,13.87
2021-09-27,4877.37,13.95
2021-09-28,4883.83,14.0
2021-09-29,4833.93,13.84
2021-09-30,4866.38,13.89
2021-10-08,4929.94,14.06
2021-10-11,4936.19,14.08
2021-10-12,4883.84,13.93
2021-10-13,4940.11,14.05
2021-10-14,4913.61,13.97
2021-10-15,4932.11,14.04
2021-10-18,4874.78,13.9
2021-10-19,4922.72,14.02
2021-10-20,4910.18,13.98
2021-10-21,4928.02,14.04
2021-10-22,4959.73,14.09
2021-10-25,4979.52,14.16
2021-10-26,4963.1,14.11
2021-10-27,4898.16,13.94
2021-10-28,4864.14,13.81
2021-10-29,4908.77,13.91
2021-11-01,4890.69,13.72
2021-11-02,4839.85,13.57
2021-11-03,4821.11,13.52
2021-11-04,4868.74,13.64
2021-11-05,4842.35,13.55
2021-11-08,4848.18,13.56
2021-11-09,4846.74,13.56
2021-11-10,4821.19,13.48
2021-11-11,4898.65,13.68
2021-11-12,4888.37,13.64
2021-11-15,4882.38,13.63
2021-11-16,4883.32,13.64
2021-11-17,4885.75,13.65
2021-11-18,4837.62,13.54
2021-11-19,4890.06,13.69
2021-11-22,4912.4,13.74
2021-11-23,4913.35,13.76
2021-11-24,4916.66,13.78
2021-11-25,4896.44,13.72
2021-11-26,4860.13,13.62
2021-11-29,4851.42,13.59
2021-11-30,4832.03,13.55
2021-12-01,4843.85,13.59
2021-12-02,4856.16,13.63
2021-12-03,4901.02,13.75
2021-12-06,4892.62,13.73
2021-12-07,4922.1,13.8
2021-12-08,4995.93,13.99
2021-12-09,5078.69,14.21
2021-12-10,5055.12,14.14
2021-12-13,5083.8,15.22
2021-12-14,5049.7,15.11
2021-12-15,5005.9,14.99
2021-12-16,5034.73,15.09
2021-12-17,4954.76,14.87
2021-12-20,4880.42,14.67
2021-12-21,4913.49,14.78
2021-12-22,4914.45,14.77
2021-12-23,4948.74,14.88
2021-12-24,4921.34,14.81
2021-12-27,4919.32,14.8
2021-12-28,4955.96,14.88
2021-12-29,4883.48,14.67
2021-12-30,4921.51,14.77
2021-12-31,4940.37,14.82
2022-01-04,4917.77,14.76
2022-01-05,4868.12,14.64
2022-01-06,4818.23,14.5
2022-01-07,4822.37,14.54
2022-01-10,4844.05,14.59
2022-01-11,4797.77,14.45
2022-01-12,4845.58,14.59
2022-01-13,4765.92,14.39
2022-01-14,4726.73,14.25
2022-01-17,4767.28,14.35
2022-01-18,4813.35,14.5
2022-01-19,4780.38,14.42
2022-01-20,4823.51,14.53
2022-01-21,4779.31,14.39
2022-01-24,4786.74,14.41
2022-01-25,4678.45,14.09
2022-01-26,4712.31,14.19
2022-01-27,4619.88,13.94
2022-01-28,4563.77,13.76
2022-02-07,4634.09,14.0
2022-02-08,4608.77,13.97
2022-02-09,4652.06,14.08
2022-02-10,4639.86,14.06
2022-02-11,4601.4,13.99
2022-02-14,4551.69,13.84
2022-02-15,4600.1,13.95
2022-02-16,4617.99,14.01
2022-02-17,4629.16,14.03
2022-02-18,4651.24,14.1
2022-02-21,4634.31,14.05
2022-02-22,4574.15,13.89
2022-02-23,4623.05,14.01
2022-02-24,4529.32,13.75
2022-02-25,4573.42,13.85
2022-02-28,4581.65,13.88
2022-03-01,4619.69,13.99
2022-03-02,4578.6,13.89
2022-03-03,4551.63,13.83
2022-03-04,4496.43,13.67
2022-03-07,4352.78,13.28
2022-03-08,4265.39,13.03
2022-03-09,4226.35,12.9
2022-03-10,4292.84,13.08
2022-03-11,4306.52,13.12
2022-03-14,4174.76,12.75
2022-03-15,3983.81,12.18
2022-03-16,4156.08,12.64
2022-03-17,4237.7,12.86
2022-03-18,4265.9,12.95
2022-03-21,4258.75,12.92
2022-03-22,4255.3,12.93
2022-03-23,4276.52,12.98
2022-03-24,4251.31,12.91
2022-03-25,4174.57,12.71
2022-03-28,4148.47,12.67
2022-03-29,4134.14,12.64
2022-03-30,4254.1,12.96
2022-03-31,4222.6,12.9
2022-04-01,4276.16,13.05
2022-04-06,4263.84,13.04
2022-04-07,4209.1,12.89
2022-04-08,4230.77,12.96
2022-04-11,4100.07,12.61
2022-04-12,4179.97,12.82
2022-04-13,4139.74,12.73
2022-04-14,4191.57,12.88
2022-04-15,4188.75,12.87
2022-04-18,4166.38,12.78
2022-04-19,4134.9,12.72
2022-04-20,4070.79,12.53
2022-04-21,3995.83,12.32
2022-04-22,4013.25,12.38
2022-04-25,3814.91,11.83
2022-04-26,3784.12,11.75
2022-04-27,3895.54,12.03
2022-04-28,3921.11,12.13
2022-04-29,4016.24,12.39
2022-05-05,4010.21,12.16
2022-05-06,3908.82,11.88
2022-05-09,3877.44,11.8
2022-05-10,3919.87,11.9
2022-05-11,3976.42,12.04
2022-05-12,3958.74,12.0
2022-05-13,3988.6,12.1
2022-05-16,3956.54,12.0
2022-05-17,4005.89,12.13
2022-05-18,3991.91,12.08
2022-05-19,3999.6,12.1
2022-05-20,4077.6,12.32
2022-05-23,4053.98,12.26
2022-05-24,3959.15,12.01
2022-05-25,3983.18,12.08
2022-05-26,3993.04,12.11
2022-05-27,4001.3,12.14
2022-05-30,4029.02,12.21
2022-05-31,4091.52,12.39
2022-06-01,4083.18,12.35
2022-06-02,4089.57,12.36
2022-06-06,4166.09,12.54
2022-06-07,4179.13,12.58
2022-06-08,4219.81,12.69
2022-06-09,4175.67,12.59
2022-06-10,4238.99,12.77
2022-06-13,4189.35,12.75
2022-06-14,4222.31,12.88
2022-06-15,4278.22,13.03
2022-06-16,4250.06,12.92
2022-06-17,4309.04,13.07
2022-06-20,4330.43,13.1
2022-06-21,4325.57,13.09
2022-06-22,4270.62,12.92
2022-06-23,4343.88,13.13
2022-06-24,4394.77,13.26
2022-06-27,4444.26,13.39
2022-06-28,4490.52,13.5
2022-06-29,4421.36,13.33
2022-06-30,4485.01,13.49
2022-07-01,4466.72,13.44
2022-07-04,4496.03,13.49
2022-07-05,4489.54,13.48
2022-07-06,4423.97,13.28
2022-07-07,4443.47,13.32
2022-07-08,4428.78,13.29
2022-07-11,4354.62,13.07
2022-07-12,4313.62,12.95
2022-07-13,4321.46,12.95
2022-07-14,4322.07,12.93
2022-07-15,4248.53,12.71
2022-07-18,4292.59,12.85
2022-07-19,4269.34,12.8
2022-07-20,4283.8,12.86
2022-07-21,4236.06,12.71
2022-07-22,4238.23,12.71
2022-07-25,4212.64,12.65
2022-07-26,4245.98,12.75
2022-07-27,4225.04,12.68
2022-07-28,4225.67,12.68
2022-07-29,4170.1,12.51
2022-08-01,4188.68,12.56
2022-08-02,4107.02,12.33
2022-08-03,4066.98,12.22
2022-08-04,4101.54,12.32
2022-08-05,4156.91,12.46
2022-08-08,4148.07,12.45
2022-08-09,4156.29,12.47
2022-08-10,4109.74,12.35
2022-08-11,4193.54,12.59
2022-08-12,4191.15,12.59
2022-08-15,4185.68,12.57
2022-08-16,4177.84,12.53
2022-08-17,4216.96,12.64
2022-08-18,4180.1,12.53
2022-08-19,4151.07,12.46
2022-08-22,4181.4,12.55
2022-08-23,4161.08,12.49
2022-08-24,4082.42,12.29
2022-08-25,4116.24,12.4
2022-08-26,4107.55,12.37
2022-08-29,4089.52,12.33
2022-08-30,4075.79,12.3
2022-08-31,4078.84,12.31
2022-09-01,4043.74,12.02
2022-09-02,4023.61,11.96
2022-09-05,4015.43,11.96
2022-09-06,4052.28,12.06
2022-09-07,4054.98,12.06
2022-09-08,4037.68,12.02
2022-09-09,4093.79,12.18
2022-09-13,4111.11,12.22
2022-09-14,4065.36,12.1
2022-09-15,4027.12,12.01
2022-09-16,3932.68,11.73
2022-09-19,3928.0,11.72
2022-09-20,3932.84,11.72
2022-09-21,3903.73,11.66
2022-09-22,3869.34,11.58
2022-09-23,3856.02,11.56
2022-09-26,3836.68,11.49
2022-09-27,3892.3,11.63
2022-09-28,3828.71,11.48
2022-09-29,3827.14,11.48
2022-09-30,3804.89,11.43
2022-10-10,3720.94,11.2
2022-10-11,3727.69,11.21
2022-10-12,3784.31,11.35
2022-10-13,3752.67,11.25
2022-10-14,3842.47,11.48
2022-10-17,3846.41,11.48
2022-10-18,3838.27,11.45
2022-10-19,3776.53,11.28
2022-10-20,3754.93,11.24
2022-10-21,3742.89,11.21
2022-10-24,3633.37,10.91
2022-10-25,3627.45,10.88
2022-10-26,3656.9,10.95
2022-10-27,3631.14,10.88
2022-10-28,3541.33,10.65
2022-10-31,3508.7,10.52
2022-11-01,3634.17,10.8
2022-11-02,3677.81,10.92
2022-11-03,3647.9,10.84
2022-11-04,3767.17,11.17
2022-11-07,3775.3,11.2
2022-11-08,3749.33,11.13
2022-11-09,3714.27,11.04
2022-11-10,3685.69,10.97
2022-11-11,3788.44,11.26
2022-11-14,3794.02,11.27
2022-11-15,3865.97,11.46
2022-11-16,3834.39,11.38
2022-11-17,3818.66,11.33
2022-11-18,3801.57,11.29
2022-11-21,3769.13,11.2
2022-11-22,3769.57,11.23
2022-11-23,3773.53,11.26
2022-11-24,3756.81,11.22
2022-11-25,3775.78,11.3
2022-11-28,3733.24,11.18
2022-11-29,3848.42,11.5
2022-11-30,3853.04,11.51
2022-12-01,3894.77,11.61
2022-12-02,3870.95,11.54
2022-12-05,3946.88,11.78
2022-12-06,3968.2,11.84
2022-12-07,3958.44,11.79
2022-12-08,3959.18,11.8
2022-12-09,3998.24,11.9
2022-12-12,3953.44,11.79
2022-12-13,3945.68,11.78
2022-12-14,3954.89,11.81
2022-12-15,3951.99,11.79
2022-12-16,3954.23,11.81
2022-12-19,3893.22,11.62
2022-12-20,3829.02,11.45
2022-12-21,3830.54,11.45
2022-12-22,3836.03,11.47
2022-12-23,3828.22,11.45
2022-12-26,3843.49,11.48
2022-12-27,3887.85,11.62
2022-12-28,3871.26,11.59
2022-12-29,3856.7,11.53
2022-12-30,3871.63,11.58
2023-01-03,3887.9,11.62
2023-01-04,3892.95,11.64
2023-01-05,3968.58,11.84
2023-01-06,3980.89,11.87
2023-01-09,4013.12,11.95
2023-01-10,4017.47,11.96
2023-01-11,4010.03,11.95
2023-01-12,4017.87,11.97
2023-01-13,4074.38,12.13
2023-01-16,4137.96,12.28
2023-01-17,4137.24,12.27
2023-01-18,4130.31,12.25
2023-01-19,4156.01,12.31
2023-01-20,4181.53,12.38
2023-01-30,4201.35,12.43
2023-01-31,4156.86,12.3
2023-02-01,4195.93,12.41
2023-02-02,4181.15,12.37
2023-02-03,4141.63,12.26
2023-02-06,4086.88,12.12
2023-02-07,4094.23,12.14
2023-02-08,4076.14,12.08
2023-02-09,4130.86,12.23
2023-02-10,4106.31,12.18
2023-02-13,4143.57,12.28
2023-02-14,4145.29,12.29
2023-02-15,4123.69,12.23
2023-02-16,4093.49,12.16
2023-02-17,4034.51,12.01
2023-02-20,4133.49,12.3
2023-02-21,4144.35,12.33
2023-02-22,4106.95,12.23
2023-02-23,4103.65,12.22
2023-02-24,4061.05,12.1
2023-02-27,4043.84,12.06
2023-02-28,4069.46,12.14
2023-03-01,4126.94,12.31
2023-03-02,4117.74,12.29
2023-03-03,4130.55,12.36
2023-03-06,4109.01,12.3
2023-03-07,4048.85,12.16
2023-03-08,4034.11,12.12
2023-03-09,4019.85,12.09
2023-03-10,3967.14,11.93
2023-03-13,4008.69,12.08
2023-03-14,3984.7,11.99
2023-03-15,3986.9,12.02
2023-03-16,3939.15,11.9
2023-03-17,3958.82,11.98
2023-03-20,3939.08,11.92
2023-03-21,3982.38,12.01
2023-03-22,3999.44,12.07
2023-03-23,4039.09,12.18
2023-03-24,4027.05,12.11
2023-03-27,4012.48,12.04
2023-03-28,3999.51,12.03
2023-03-29,4006.14,12.05
2023-03-30,4038.53,12.15
2023-03-31,4050.93,12.17
2023-04-03,4090.57,12.26
2023-04-04,4103.11,12.31
2023-04-06,4096.64,12.29
2023-04-07,4123.28,12.34
2023-04-10,4104.81,12.31
2023-04-11,4100.15,12.31
2023-04-12,4097.29,12.33
2023-04-13,4068.98,12.27
2023-04-14,4092.0,12.34
2023-04-17,4149.38,12.54
2023-04-18,4162.03,12.6
2023-04-19,4124.56,12.49
2023-04-20,4113.02,12.46
2023-04-21,4032.57,12.24
2023-04-24,3982.64,12.12
2023-04-25,3962.67,12.1
2023-04-26,3959.23,12.0
2023-04-27,3988.42,12.09
2023-04-28,4029.09,12.22
2023-05-04,4030.25,12.4
2023-05-05,4016.88,12.37
2023-05-08,4062.66,12.61
2023-05-09,4027.88,12.49
2023-05-10,3996.87,12.33
2023-05-11,3990.66,12.3
2023-05-12,3937.76,12.15
2023-05-15,3998.89,12.32
2023-05-16,3978.21,12.25
2023-05-17,3960.17,12.19
2023-05-18,3956.07,12.23
2023-05-19,3944.54,12.17
2023-05-22,3969.33,12.24
2023-05-23,3913.19,12.04
2023-05-24,3859.09,11.85
2023-05-25,3850.5,11.82
2023-05-26,3850.95,11.83
2023-05-29,3833.94,11.83
2023-05-30,3837.75,11.83
2023-05-31,3798.54,11.71
2023-06-01,3806.87,11.74
2023-06-02,3861.83,11.87
2023-06-05,3844.25,11.85
2023-06-06,3808.16,11.75
2023-06-07,3789.34,11.71
2023-06-08,3820.19,11.82
2023-06-09,3836.7,11.87
2023-06-12,3844.43,11.83
2023-06-13,3864.91,11.87
2023-06-14,3864.02,11.85
2023-06-15,3925.5,11.99
2023-06-16,3963.35,12.07
2023-06-19,3930.91,11.97
2023-06-20,3924.24,11.92
2023-06-21,3864.03,11.76
2023-06-26,3809.7,11.6
2023-06-27,3845.43,11.72
2023-06-28,3840.8,11.71
2023-06-29,3821.84,11.65
2023-06-30,3842.45,11.71
2023-07-03,3892.88,11.88
2023-07-04,3899.01,11.88
2023-07-05,3868.81,11.79
2023-07-06,3842.75,11.71
2023-07-07,3825.7,11.66
2023-07-10,3844.33,11.7
2023-07-11,3869.49,11.77
2023-07-12,3843.44,11.7
2023-07-13,3898.42,11.88
2023-07-14,3899.1,11.89
2023-07-17,3867.17,11.73
2023-07-18,3854.94,11.65
2023-07-19,3850.87,11.65
2023-07-20,3823.69,11.56
2023-07-21,3821.91,11.55
2023-07-24,3805.22,11.51
2023-07-25,3915.12,11.83
2023-07-26,3907.01,11.8
2023-07-27,3902.35,11.8
2023-07-28,3992.74,12.07
2023-07-31,4014.63,12.11
2023-08-01,3998.0,12.08
2023-08-02,3969.9,11.96
2023-08-03,4004.98,12.06
2023-08-04,4020.58,12.11
2023-08-07,3990.15,12.03
2023-08-08,3979.73,12.01
2023-08-09,3967.57,11.97
2023-08-10,3975.72,11.99
2023-08-11,3884.25,11.73
2023-08-14,3855.91,11.64
2023-08-15,3846.54,11.64
2023-08-16,3818.33,11.55
2023-08-17,3831.1,11.58
2023-08-18,3784.0,11.47
2023-08-21,3729.56,11.31
2023-08-22,3758.23,11.42
2023-08-23,3696.63,11.27
2023-08-24,3723.43,11.31
2023-08-25,3709.15,11.28
2023-08-28,3752.62,11.42
2023-08-29,3790.11,11.5
2023-08-30,3788.51,11.48
2023-08-31,3765.27,11.42
2023-09-01,3791.49,11.49
2023-09-04,3848.95,11.67
2023-09-05,3820.32,11.58
2023-09-06,3812.03,11.57
2023-09-07,3758.47,11.44
2023-09-08,3739.99,11.38
2023-09-11,3767.54,11.45
2023-09-12,3760.6,11.43
2023-09-13,3736.65,11.38
2023-09-14,3733.51,11.4
2023-09-15,3708.78,11.31
2023-09-18,3727.71,11.36
2023-09-19,3720.5,11.37
2023-09-20,3705.69,11.33
2023-09-21,3672.44,11.23
2023-09-22,3738.93,11.42
2023-09-25,3714.6,11.35
2023-09-26,3692.89,11.29
2023-09-27,3700.5,11.29
2023-09-28,3689.52,11.27
2023-10-09,3684.73,11.25
2023-10-10,3657.13,11.16
2023-10-11,3667.55,11.18
2023-10-12,3702.38,11.3
2023-10-13,3663.41,11.21
2023-10-16,3626.6,11.13
2023-10-17,3639.4,11.18
2023-10-18,3610.58,11.1
2023-10-19,3533.54,10.86
2023-10-20,3510.59,10.78
2023-10-23,3474.24,10.68
2023-10-24,3487.13,10.7
2023-10-25,3504.46,10.72
2023-10-26,3514.14,10.76
2023-10-27,3562.39,10.88
2023-10-30,3583.77,10.88
2023-10-31,3572.51,10.87
2023-11-01,3571.03,10.88
2023-11-02,3554.19,10.85
2023-11-03,3584.14,10.92
2023-11-06,3632.61,11.01
2023-11-07,3619.76,10.98
2023-11-08,3611.07,10.95
2023-11-09,3612.83,10.98
2023-11-10,3586.49,10.91
2023-11-13,3579.41,10.9
2023-11-14,3582.06,10.91
2023-11-15,3607.25,10.98
2023-11-16,3572.36,10.89
2023-11-17,3568.07,10.87
2023-11-20,3576.32,10.89
2023-11-21,3581.07,10.91
2023-11-22,3544.42,10.82
2023-11-23,3561.52,10.87
2023-11-24,3538.01,10.81
2023-11-27,3511.94,10.73
2023-11-28,3518.52,10.74
2023-11-29,3488.31,10.66
2023-11-30,3496.2,10.7
2023-12-01,3482.88,10.67
2023-12-04,3460.14,10.61
2023-12-05,3394.26,10.42
2023-12-06,3399.6,10.4
2023-12-07,3391.28,10.39
2023-12-08,3399.46,10.42
2023-12-11,3419.45,10.61
2023-12-12,3426.8,10.65
2023-12-13,3369.61,10.49
2023-12-14,3351.96,10.43
2023-12-15,3341.55,10.39
2023-12-18,3329.37,10.38
2023-12-19,3334.04,10.39
2023-12-20,3297.5,10.29
2023-12-21,3330.87,10.38
2023-12-22,3337.23,10.4
2023-12-25,3347.45,10.44
2023-12-26,3324.79,10.39
2023-12-27,3336.36,10.43
2023-12-28,3414.54,10.63
2023-12-29,3431.11,10.67
2024-01-02,3386.35,10.57
2024-01-03,3378.3,10.57
2024-01-04,3347.05,10.5
2024-01-05,3329.11,10.45
2024-01-08,3286.06,10.33
2024-01-09,3292.5,10.34
2024-01-10,3277.13,10.29
2024-01-11,3295.67,10.31
2024-01-12,3284.17,10.29
2024-01-15,3280.92,10.29
2024-01-16,3300.88,10.35
2024-01-17,3229.08,10.15
2024-01-18,3274.73,10.26
2024-01-19,3269.78,10.24
2024-01-22,3218.9,10.1
2024-01-23,3231.93,10.14
2024-01-24,3277.11,10.31
2024-01-25,3342.92,10.56
2024-01-26,3333.82,10.57
2024-01-29,3303.96,10.51
2024-01-30,3245.04,10.35
2024-01-31,3215.35,10.29
2024-02-01,3217.71,10.27
2024-02-02,3179.63,10.18
2024-02-05,3200.42,10.29
2024-02-06,3311.69,10.59
2024-02-07,3343.63,10.66
2024-02-08,3364.93,10.7
2024-02-19,3403.81,10.87
2024-02-20,3410.85,10.9
2024-02-21,3456.87,11.03
2024-02-22,3486.67,11.15
2024-02-23,3489.74,11.16
2024-02-26,3453.36,11.0
2024-02-27,3494.79,11.11
2024-02-28,3450.26,10.99
2024-02-29,3516.08,11.17
2024-03-01,3537.8,11.22
2024-03-04,3540.87,11.25
2024-03-05,3565.51,11.34
2024-03-06,3551.05,11.28
2024-03-07,3529.72,11.24
2024-03-08,3544.91,11.28
2024-03-11,3589.26,11.38
2024-03-12,3597.49,11.35
2024-03-13,3572.36,11.27
2024-03-14,3562.22,11.25
2024-03-15,3569.99,11.27
2024-03-18,3603.53,11.36
2024-03-19,3577.63,11.29
2024-03-20,3585.38,11.34
2024-03-21,3581.09,11.33
2024-03-22,3545.0,11.23
2024-03-25,3525.76,11.2
2024-03-26,3543.75,11.25
2024-03-27,3502.79,11.15
2024-03-28,3520.96,11.18
2024-03-29,3537.48,11.26
2024-04-01,3595.65,11.4
2024-04-02,3580.68,11.38
2024-04-03,3567.8,11.36
2024-04-08,3536.41,11.29
2024-04-09,3533.49,11.26
2024-04-10,3504.71,11.2
2024-04-11,3504.24,11.19
2024-04-12,3475.84,11.12
2024-04-15,3549.08,11.38
2024-04-16,3511.11,11.31
2024-04-17,3565.4,11.45
2024-04-18,3569.8,11.46
2024-04-19,3541.66,11.4
2024-04-22,3530.9,11.34
2024-04-23,3506.22,11.26
2024-04-24,3521.62,11.3
2024-04-25,3530.28,11.34
2024-04-26,3584.27,11.47
2024-04-29,3623.91,11.54
2024-04-30,3604.39,11.5
2024-05-06,3657.88,12.59
2024-05-07,3659.01,12.61
2024-05-08,3630.22,12.53
2024-05-09,3664.56,12.61
2024-05-10,3666.28,12.62
2024-05-13,3664.69,12.61
2024-05-14,3657.05,12.58
2024-05-15,3626.06,12.49
2024-05-16,3640.36,12.53
2024-05-17,3677.97,12.65
2024-05-20,3690.96,12.7
2024-05-21,3676.16,12.67
2024-05-22,3684.45,12.68
2024-05-23,3641.79,12.55
2024-05-24,3601.48,12.43
2024-05-27,3635.71,12.56
2024-05-28,3609.17,12.5
2024-05-29,3613.52,12.5
2024-05-30,3594.31,12.42
2024-05-31,3579.92,12.37
2024-06-03,3588.75,12.41
2024-06-04,3615.67,12.48
2024-06-05,3594.79,12.42
2024-06-06,3592.25,12.42
2024-06-07,3574.11,12.35
2024-06-11,3542.88,12.22
2024-06-12,3544.12,12.23
2024-06-13,3526.13,12.18
2024-06-14,3541.53,12.22
2024-06-17,3536.2,12.18
2024-06-18,3545.59,12.22
2024-06-19,3528.75,12.19
2024-06-20,3503.28,12.14
2024-06-21,3495.62,12.1
2024-06-24,3476.81,12.06
2024-06-25,3457.9,12.01
2024-06-26,3480.26,12.06
2024-06-27,3454.12,11.99
2024-06-28,3461.66,12.06
2024-07-01,3478.18,12.14
2024-07-02,3471.79,12.17
2024-07-03,3463.41,12.12
2024-07-04,3445.81,12.09
2024-07-05,3431.06,12.0
2024-07-08,3401.76,11.92
2024-07-09,3439.81,12.05
2024-07-10,3428.97,11.99
2024-07-11,3468.17,12.09
2024-07-12,3472.4,12.11
2024-07-15,3476.25,12.16
2024-07-16,3498.28,12.2
2024-07-17,3501.58,12.18
2024-07-18,3520.93,12.24
2024-07-19,3539.02,12.27
2024-07-22,3514.92,12.16
2024-07-23,3439.88,11.97
2024-07-24,3418.17,11.93
2024-07-25,3399.27,11.84
2024-07-26,3409.29,11.83
2024-07-29,3390.74,11.81
2024-07-30,3369.38,11.72
2024-07-31,3442.08,11.91
2024-08-01,3419.27,11.85
2024-08-02,3384.39,11.75
2024-08-05,3343.32,11.6
2024-08-06,3342.98,11.58
2024-08-07,3341.49,11.59
2024-08-08,3342.94,11.6
2024-08-09,3331.63,11.58
2024-08-12,3325.86,11.57
2024-08-13,3334.39,11.61
2024-08-14,3309.24,11.54
2024-08-15,3341.95,11.65
2024-08-16,3345.63,11.7
2024-08-19,3356.97,11.76
2024-08-20,3332.7,11.69
2024-08-21,3321.64,11.66
2024-08-22,3313.14,11.67
2024-08-23,3327.19,11.71
2024-08-26,3324.22,11.7
2024-08-27,3305.33,11.7
2024-08-28,3286.5,11.62
2024-08-29,3277.68,11.51
2024-08-30,3321.43,11.6
2024-09-02,3265.01,11.35
2024-09-03,3273.43,11.3
2024-09-04,3252.16,11.21
2024-09-05,3257.76,11.21
2024-09-06,3231.35,11.13
2024-09-09,3192.95,11.0
2024-09-10,3195.76,11.03
2024-09-11,3186.13,10.94
2024-09-12,3172.47,10.91
2024-09-13,3159.25,10.88
2024-09-18,3171.01,10.95
2024-09-19,3196.04,11.0
2024-09-20,3201.05,11.03
2024-09-23,3212.76,11.09
2024-09-24,3351.91,11.57
2024-09-25,3401.53,11.73
2024-09-26,3545.32,12.17
2024-09-27,3703.68,12.56
2024-09-30,4017.85,13.54
2024-10-08,4256.1,14.21
2024-10-09,3955.98,13.21
2024-10-10,3997.79,13.43
2024-10-11,3887.17,13.11
2024-10-14,3961.34,13.36
2024-10-15,3855.99,12.99
2024-10-16,3831.59,12.94
2024-10-17,3788.22,12.79
2024-10-18,3925.23,13.17
2024-10-21,3935.2,13.16
2024-10-22,3957.78,13.23
2024-10-23,3973.21,13.27
2024-10-24,3928.83,13.14
2024-10-25,3956.42,13.19
2024-10-28,3964.16,13.2
2024-10-29,3924.65,13.07
2024-10-30,3889.45,12.93
2024-10-31,3891.04,12.91
2024-11-01,3890.02,12.64
2024-11-04,3944.76,12.78
2024-11-05,4044.57,13.06
2024-11-06,4024.28,12.98
2024-11-07,4145.7,13.37
2024-11-08,4104.05,13.24
2024-11-11,4131.13,13.26
2024-11-12,4085.74,13.11
2024-11-13,4110.89,13.19
2024-11-14,4039.62,13.02
2024-11-15,3968.83,12.84
2024-11-18,3950.38,12.84
2024-11-19,3976.89,12.88
2024-11-20,3985.77,12.9
2024-11-21,3989.3,12.9
2024-11-22,3865.7,12.53
2024-11-25,3848.09,12.48
2024-11-26,3840.18,12.48
2024-11-27,3907.04,12.67
2024-11-28,3872.55,12.57
2024-11-29,3916.58,12.68
2024-12-02,3947.63,12.78
2024-12-03,3951.89,12.82
2024-12-04,3930.56,12.81
2024-12-05,3921.59,12.76
2024-12-06,3973.14,12.92
2024-12-09,3966.57,12.93
2024-12-10,3995.64,13.01
2024-12-11,3988.83,12.98
2024-12-12,4028.5,13.11
2024-12-13,3933.18,12.83
2024-12-16,3911.84,12.9
2024-12-17,3922.03,12.93
2024-12-18,3941.89,12.99
2024-12-19,3945.46,12.97
2024-12-20,3927.74,12.9
2024-12-23,3933.57,12.97
2024-12-24,3983.69,13.14
2024-12-25,3985.63,13.19
2024-12-26,3987.48,13.18
2024-12-27,3981.03,13.17
2024-12-30,3999.05,13.23
2024-12-31,3934.91,13.06
2025-01-02,3820.4,12.68
2025-01-03,3775.16,12.55
2025-01-06,3768.97,12.53
2025-01-07,3796.11,12.59
2025-01-08,3789.22,12.58
2025-01-09,3779.88,12.51
2025-01-10,3732.48,12.37
2025-01-13,3722.51,12.32
2025-01-14,3820.54,12.6
2025-01-15,3796.03,12.54
2025-01-16,3800.38,12.57
2025-01-17,3812.34,12.59
2025-01-20,3829.68,12.61
2025-01-21,3832.61,12.6
2025-01-22,3797.02,12.48
2025-01-23,3803.74,12.55
2025-01-24,3832.86,12.62
2025-01-27,3817.08,12.63
2025-02-05,3795.08,12.5
2025-02-06,3842.83,12.64
2025-02-07,3892.7,12.77
2025-02-10,3901.06,12.78
2025-02-11,3883.14,12.77
2025-02-12,3919.86,12.86
2025-02-13,3905.14,12.84
2025-02-14,3939.01,12.93
2025-02-17,3947.4,12.96
2025-02-18,3912.78,12.89
2025-02-19,3940.16,12.94
2025-02-20,3928.9,12.91
2025-02-21,3978.44,13.02
2025-02-24,3969.72,12.98
2025-02-25,3925.65,12.83
2025-02-26,3959.94,12.93
2025-02-27,3968.12,12.97
2025-02-28,3890.05,12.76
2025-03-03,3888.47,12.74
2025-03-04,3885.22,12.7
2025-03-05,3902.57,12.78
2025-03-06,3956.24,12.92
2025-03-07,3944.01,12.88
2025-03-10,3928.8,12.82
2025-03-11,3941.42,12.87
2025-03-12,3927.23,12.82
2025-03-13,3911.58,12.8
2025-03-14,4006.56,13.08
2025-03-17,3996.79,13.07
2025-03-18,4007.72,13.08
2025-03-19,4010.17,13.1
2025-03-20,3974.99,13.0
2025-03-21,3914.7,12.83
2025-03-24,3934.85,12.9
2025-03-25,3932.3,12.91
2025-03-26,3919.36,12.87
2025-03-27,3932.41,12.92
2025-03-28,3915.17,12.86
2025-03-31,3887.31,12.81
2025-04-01,3887.68,12.81
2025-04-02,3884.39,12.8
2025-04-03,3861.5,12.76
2025-04-07,3589.44,11.95
2025-04-08,3650.76,12.18
2025-04-09,3686.79,12.26
2025-04-10,3735.12,12.38
2025-04-11,3750.52,12.42
2025-04-14,3759.14,12.47
2025-04-15,3761.23,12.51
2025-04-16,3772.82,12.57
2025-04-17,3772.22,12.56
2025-04-18,3772.52,12.57
2025-04-21,3784.88,12.58
2025-04-22,3783.95,12.61
2025-04-23,3786.88,12.6
2025-04-24,3784.36,12.63
2025-04-25,3786.99,12.61
2025-04-28,3781.62,12.61
2025-04-29,3775.08,12.56
2025-04-30,3770.57,12.51
2025-05-06,3808.54,12.16
2025-05-07,3831.63,12.26
2025-05-08,3852.9,12.31
2025-05-09,3846.16,12.31
2025-05-12,3890.61,12.42
2025-05-13,3896.26,12.45
2025-05-14,3943.21,12.61
2025-05-15,3907.2,12.53
2025-05-16,3889.09,12.45
2025-05-19,3877.15,12.4
2025-05-20,3898.17,12.46
2025-05-21,3916.38,12.52
2025-05-22,3913.87,12.52
2025-05-23,3882.27,12.41
2025-05-26,3860.11,12.34
2025-05-27,3839.4,12.29
2025-05-28,3836.24,12.29
2025-05-29,3858.7,12.34
2025-05-30,3840.23,12.3
2025-06-03,3852.01,12.33
2025-06-04,3868.74,12.37
2025-06-05,3877.56,12.4
2025-06-06,3873.98,12.4
2025-06-09,3885.25,12.41
2025-06-10,3865.47,12.37
2025-06-11,3894.63,12.45
2025-06-12,3892.2,12.44
2025-06-13,3864.18,12.37
2025-06-16,3873.8,12.37
2025-06-17,3870.38,12.38
2025-06-18,3874.97,12.41
2025-06-19,3843.09,12.33
2025-06-20,3846.64,12.34
2025-06-23,3857.9,12.39
2025-06-24,3904.03,12.45
2025-06-25,3960.07,12.6
2025-06-26,3946.02,12.54
2025-06-27,3921.76,12.41
2025-06-30,3936.08,12.45
2025-07-01,3942.76,12.46
2025-07-02,3943.68,12.46
2025-07-03,3968.07,12.51
2025-07-04,3982.2,12.58
2025-07-07,3965.17,12.54
2025-07-08,3998.45,12.62
2025-07-09,3991.4,12.61
2025-07-10,4010.02,12.68
2025-07-11,4014.81,12.66
2025-07-14,4017.67,12.69
2025-07-15,4019.06,12.67
2025-07-16,4007.2,12.64
2025-07-17,4034.49,12.68
2025-07-18,4058.55,12.75
2025-07-21,4085.61,12.83
2025-07-22,4118.96,12.91
2025-07-23,4119.77,12.93
2025-07-24,4149.04,12.98
2025-07-25,4127.16,12.9
2025-07-28,4135.82,12.92
2025-07-29,4152.02,12.76
2025-07-30,4151.24,12.79
2025-07-31,4075.59,12.61
2025-08-01,4054.93,12.53
2025-08-04,4070.7,12.59
2025-08-05,4103.45,12.71
2025-08-06,4113.49,12.74
2025-08-07,4114.67,12.77
2025-08-08,4104.97,12.75
2025-08-11,4122.51,12.76
2025-08-12,4143.83,12.85
2025-08-13,4176.58,12.92
2025-08-14,4173.31,12.92
2025-08-15,4202.35,12.97
2025-08-18,4239.41,13.07
2025-08-19,4223.37,13.06
2025-08-20,4271.4,13.2
2025-08-21,4288.07,13.26
2025-08-22,4378.0,13.48
2025-08-25,4469.22,13.71
2025-08-26,4452.59,13.66
2025-08-27,4386.13,13.43
2025-08-28,4463.78,13.61
2025-08-29,4496.76,13.71
2025-09-01,4523.71,14.31
2025-09-02,4490.45,14.28
2025-09-03,4459.83,14.15
2025-09-04,4365.21,13.97
2025-09-05,4460.32,14.14
2025-09-08,4467.57,14.14
2025-09-09,4436.26,14.07
2025-09-10,4445.36,14.11
2025-09-11,4548.03,14.38
2025-09-12,4522.0,14.31
2025-09-15,4533.06,14.32
2025-09-16,4523.34,14.27
2025-09-17,4551.02,14.33
2025-09-18,4498.11,14.15
2025-09-19,4501.92,14.14
2025-09-22,4522.61,14.17
2025-09-23,4519.78,14.2
2025-09-24,4566.07,14.28
2025-09-25,4593.49,14.32
2025-09-26,4550.05,14.22
2025-09-29,4620.05,14.39
2025-09-30,4640.69,14.42
2025-10-09,4709.48,14.62
2025-10-10,4616.83,14.42
2025-10-13,4593.98,14.35
2025-10-14,4539.06,14.27
2025-10-15,4606.29,14.45
2025-10-16,4618.42,14.54
2025-10-17,4514.23,14.27
2025-10-20,4538.22,14.36
2025-10-21,4607.87,14.57
2025-10-22,4592.57,14.57
2025-10-23,4606.34,14.62
2025-10-24,4660.68,14.75
2025-10-27,4716.02,14.93
2025-10-28,4691.97,14.88
2025-10-29,4747.84,15.01
2025-10-30,4709.91,14.9
2025-10-31,4640.67,14.68
2025-11-03,4653.4,14.75
2025-11-04,4618.7,14.69
2025-11-05,4627.26,14.71
2025-11-06,4693.4,14.88
2025-11-07,4678.79,14.83
2025-11-10,4695.05,14.89
2025-11-11,4652.17,14.79
2025-11-12,4645.91,14.82
2025-11-13,4702.07,14.94
2025-11-14,4628.14,14.74
2025-11-17,4598.05,14.62
2025-11-18,4568.19,14.53
2025-11-19,4588.29,14.63
2025-11-20,4564.95,14.59
2025-11-21,4453.61,14.3
2025-11-24,4448.05,14.24
2025-11-25,4490.4,14.35
2025-11-26,4517.63,14.38
2025-11-27,4515.4,14.41
2025-11-28,4526.66,14.42
2025-12-01,4576.49,14.54
2025-12-02,4554.33,14.5
2025-12-03,4531.05,14.44
2025-12-04,4546.57,14.46
2025-12-05,4584.54,14.54
2025-12-08,4621.75,14.62
2025-12-09,4598.22,14.57
2025-12-10,4591.83,14.51
2025-12-11,4552.18,14.42
2025-12-12,4580.95,14.45
2025-12-15,4552.06,14.56
2025-12-16,4497.55,14.42
2025-12-17,4579.88,14.64
2025-12-18,4552.79,14.1
2025-12-19,4568.18,14.11
2025-12-22,4611.62,14.21
2025-12-23,4620.73,14.26
2025-12-24,4634.06,14.28
2025-12-25,4642.54,14.31
2025-12-26,4657.24,14.31
2025-12-29,4639.37,14.31
2025-12-30,4651.28,14.34
2025-12-31,4629.94,14.31
2026-01-05,4717.75,14.49
2026-01-06,4790.69,14.69
2026-01-07,4776.67,14.62
2026-01-08,4737.65,14.52
2026-01-09,4758.92,14.59
2026-01-12,4789.92,14.67
2026-01-13,4761.03,14.62
2026-01-14,4741.93,14.52
2026-01-15,4751.43,14.51
2026-01-16,4731.87,14.43
2026-01-19,4734.46,14.43
2026-01-20,4718.88,14.43
2026-01-21,4723.07,14.39
2026-01-22,4723.71,14.38
2026-01-23,4702.5,14.28
2026-01-26,4706.96,14.34
2026-01-27,4705.69,14.33
2026-01-28,4717.99,14.36
2026-01-29,4753.87,14.48
2026-01-30,4706.34,14.35
2026-02-02,4605.98,14.1
2026-02-03,4660.11,14.18
2026-02-04,4698.68,14.32
2026-02-05,4670.42,14.27
2026-02-06,4643.6,14.21
2026-02-09,4719.06,14.39
2026-02-10,4724.3,14.41
2026-02-11,4713.82,14.41
2026-02-12,4719.58,14.39
2026-02-13,4660.41,14.2
2026-02-24,4707.54,14.32
2026-02-25,4735.89,14.38
2026-02-26,4726.87,14.35
2026-02-27,4710.65,14.32
2026-03-02,4728.67,14.45
2026-03-03,4655.9,14.4
2026-03-04,4602.62,14.23
2026-03-05,4647.69,14.32
2026-03-06,4660.44,14.34
2026-03-09,4615.46,14.26
2026-03-10,4674.76,14.33
2026-03-11,4704.5,14.44
2026-03-12,4687.56,14.42
2026-03-13,4669.14,14.37
2026-03-16,4671.56,14.37
2026-03-17,4637.44,14.32
2026-03-18,4658.33,14.35
2026-03-19,4583.25,14.21
2026-03-20,4567.02,14.12
2026-03-23,4418.0,13.7
2026-03-24,4474.72,13.84
2026-03-25,4537.47,13.99
2026-03-26,4477.53,13.85
2026-03-27,4502.57,13.9
2026-03-30,4491.95,13.91
2026-03-31,4450.05,13.84
2026-04-01,4526.07,14.0
2026-04-02,4478.91,13.94
2026-04-03,4440.79,13.81
2026-04-07,4440.62,13.8
2026-04-08,4595.56,14.13
2026-04-09,4566.22,14.04
2026-04-10,4636.57,14.18
2026-04-13,4646.15,14.22
2026-04-14,4701.28,14.36
2026-04-15,4685.25,14.34
2026-04-16,4736.61,14.45
2026-04-17,4728.67,14.4
2026-04-20,4757.44,14.49
2026-04-21,4768.0,14.53
2026-04-22,4799.63,14.57
2026-04-23,4786.33,14.58
2026-04-24,4769.37,14.54
2026-04-27,4770.95,14.53
2026-04-28,4758.21,14.54
2026-04-29,4810.35,14.64
2026-04-30,4807.31,14.61
2026-05-06,4877.09,14.82
2026-05-07,4900.51,14.82
2026-05-08,4871.91,14.75
2026-05-11,4951.84,14.92
2026-05-12,4948.05,14.9
2026-05-13,4998.34,15.0
2026-05-14,4914.6,14.8
2026-05-15,4859.59,14.66
2026-05-18,4833.52,14.6
2026-05-19,4852.88,14.67
2026-05-20,4850.7,14.6
2026-05-21,4783.1,14.42
2026-05-22,4845.1,14.52
2026-05-25,4921.6,14.68
2026-05-26,4947.85,14.75
2026-05-27,4908.17,14.63
2026-05-28,4914.21,14.62
2026-05-29,4892.12,14.62
2026-06-01,4844.26,14.56
2026-06-02,4914.56,14.73
2026-06-03,4938.81,14.75
2026-06-04,4904.75,14.6
2026-06-05,4816.92,14.43
2026-06-08,4713.64,14.24
2026-06-09,4801.81,14.41
2026-06-10,4748.59,14.31
2026-06-11,4722.41,14.24
2026-06-12,4777.32,14.42
2026-06-15,4891.71,14.92
2026-06-16,4884.23,14.84
2026-06-17,4931.39,14.9
2026-06-18,4941.6,14.84
2026-06-22,5059.66,15.15
2026-06-23,4919.39,14.84
2026-06-24,4943.02,14.84
2026-06-25,5020.1,14.95
2026-06-26,4868.22,14.54
2026-06-29,4926.92,14.69
2026-06-30,4979.43,14.76
2026-07-01,4958.98,14.75
2026-07-02,4812.3,14.42
2026-07-03,4842.17,14.53
2026-07-06,4842.0,14.58
2026-07-07,4792.26,14.45
2026-07-08,4755.53,14.41
2026-07-09,4876.31,14.66
2026-07-10,4780.79,14.46
2026-07-13,4695.38,14.31
2026-07-14,4796.5,14.55
2026-07-15,4786.78,14.57
2026-07-16,4698.43,14.34
2026-07-17,4529.1,14.0
2026-07-20,4598.32,14.29
2026-07-21,4739.23,14.53
2026-07-22,4717.24,14.53
2026-07-23,4728.0,14.59
2026-07-24,4649.19,14.39
2026-07-27,4702.43,14.52
2026-07-28,4569.52,14.29
2026-07-29,4600.26,14.34
2026-07-30,4549.72,14.31
2026-07-31,4588.2,14.36
2026-08-03,4543.18,14.23
2026-08-04,4600.93,14.25
2026-08-05,4658.15,14.38
2026-08-06,4651.31,14.39
2026-08-07,4694.44,14.49
2026-08-10,4702.02,14.55
2026-08-11,4663.79,14.44
2026-08-12,4690.92,14.46
2026-08-13,4663.95,14.42
2026-08-14,4665.88,14.4
2026-08-17,4741.1,14.57
2026-08-18,4725.81,14.57
2026-08-19,4588.7,14.29
2026-08-20,4592.75,14.29
2026-08-21,4618.9,14.35
2026-08-24,4563.13,14.27
2026-08-25,4552.03,14.25
2026-08-26,4590.79,14.35
2026-08-27,4630.28,14.44
2026-08-28,4609.18,14.42
2026-08-31,4625.09,14.53
2026-09-01,4611.44,13.8
2026-09-02,4547.96,13.65
2026-09-03,4552.58,13.65
2026-09-04,4548.05,13.64
2026-09-07,4575.02,13.64
2026-09-08,4558.74,13.6
