date,value,kind
2001-04-27,73.37,forward
2001-05-04,77.28,forward
2001-05-11,73.87,forward
2001-05-18,80.3,forward
2001-05-25,82.05,forward
2001-06-01,64.02,forward
2001-06-08,65.95,forward
2001-06-15,59.71,forward
2001-06-22,64.17,forward
2001-06-29,68.12,forward
2001-07-06,62.41,forward
2001-07-13,65.9,forward
2001-07-20,67.32,forward
2001-07-27,70.12,forward
2001-08-03,71.12,forward
2001-08-10,68.05,forward
2001-08-17,64.1,forward
2001-08-24,66.93,forward
2001-08-31,62.04,forward
2001-09-07,56.73,forward
2001-09-14,56.42,forward
2001-09-21,46.3,forward
2001-09-28,48.78,forward
2001-10-05,50.18,forward
2001-10-12,54.96,forward
2001-10-19,55.47,forward
2001-10-26,60.1,forward
2001-11-02,62.27,forward
2001-11-09,64.55,forward
2001-11-16,66.42,forward
2001-11-23,66.02,forward
2001-11-30,66.93,forward
2001-12-07,69.14,forward
2001-12-14,66.44,forward
2001-12-21,56.7,forward
2001-12-28,51.93,forward
2002-01-04,53.53,forward
2002-01-11,52.22,forward
2002-01-18,49.47,forward
2002-01-25,49.79,forward
2002-02-01,48.5,forward
2002-02-08,45.15,forward
2002-02-15,44.49,forward
2002-02-22,41.69,forward
2002-03-01,43.86,forward
2002-03-08,47.09,forward
2002-03-15,45.03,forward
2002-03-22,44.26,forward
2002-03-29,44.27,forward
2002-04-05,42.15,forward
2002-04-12,41.04,forward
2002-04-19,41.99,forward
2002-04-26,38.48,forward
2002-05-03,36.25,forward
2002-05-10,36.19,forward
2002-05-17,40.04,forward
2002-05-24,37.61,forward
2002-05-31,35.95,forward
2002-06-07,32.33,forward
2002-06-14,31.64,forward
2002-06-21,29.44,forward
2002-06-28,30.21,forward
2002-07-05,30.48,forward
2002-07-12,28.64,forward
2002-07-19,27.54,forward
2002-07-26,26.6,forward
2002-08-02,26.14,forward
2002-08-09,27.31,forward
2002-08-16,29.16,forward
2002-08-23,29.44,forward
2002-08-30,27.35,forward
2002-09-06,26.77,forward
2002-09-13,26.76,forward
2002-09-20,25.35,forward
2002-09-27,25.08,forward
2002-10-04,23.91,forward
2002-10-11,26.05,forward
2002-10-18,28.52,forward
2002-10-25,29.31,forward
2002-11-01,29.7,forward
2002-11-08,29.52,forward
2002-11-15,31.11,forward
2002-11-22,32.41,forward
2002-11-29,32.33,forward
2002-12-06,30.77,forward
2002-12-13,28.85,forward
2002-12-20,28.92,forward
2002-12-27,27.73,forward
2003-01-03,28.53,forward
2003-01-10,29.66,forward
2003-01-17,27.48,forward
2003-01-24,26.64,forward
2003-01-31,26.17,forward
2003-02-07,25.27,forward
2003-02-14,26.0,forward
2003-02-21,26.62,forward
2003-02-28,26.07,forward
2003-03-07,25.3,forward
2003-03-14,26.28,forward
2003-03-21,27.56,forward
2003-03-28,26.2,forward
2003-04-04,26.29,forward
2003-04-11,25.67,forward
2003-04-18,27.07,forward
2003-04-25,26.85,forward
2003-05-02,27.91,forward
2003-05-09,28.04,forward
2003-05-16,28.05,forward
2003-05-23,27.38,forward
2003-05-30,28.85,forward
2003-06-06,28.97,forward
2003-06-13,28.4,forward
2003-06-20,28.86,forward
2003-06-27,28.39,forward
2003-07-04,28.81,forward
2003-07-11,29.87,forward
2003-07-18,29.0,forward
2003-07-25,29.2,forward
2003-08-01,28.73,forward
2003-08-08,27.29,forward
2003-08-15,28.22,forward
2003-08-22,29.31,forward
2003-08-29,29.93,forward
2003-09-05,30.07,forward
2003-09-12,29.73,forward
2003-09-19,30.29,forward
2003-09-26,28.47,forward
2003-10-03,29.61,forward
2003-10-10,30.07,forward
2003-10-17,29.31,forward
2003-10-24,28.49,forward
2003-10-31,29.34,forward
2003-11-07,29.64,forward
2003-11-14,28.74,forward
2003-11-21,27.68,forward
2003-11-28,28.77,forward
2003-12-05,28.05,forward
2003-12-12,28.13,forward
2003-12-19,28.06,forward
2003-12-26,28.14,forward
2004-01-02,28.44,forward
2004-01-09,29.55,forward
2004-01-16,30.19,forward
2004-01-23,29.76,forward
2004-01-30,29.01,forward
2004-02-06,29.13,forward
2004-02-13,28.85,forward
2004-02-20,28.8,forward
2004-02-27,28.57,forward
2004-03-05,28.62,forward
2004-03-12,27.82,forward
2004-03-19,27.18,forward
2004-03-26,27.5,forward
2004-04-02,28.96,forward
2004-04-09,28.87,forward
2004-04-16,28.16,forward
2004-04-23,29.09,forward
2004-04-30,27.23,forward
2004-05-07,27.33,forward
2004-05-14,27.2,forward
2004-05-21,27.36,forward
2004-05-28,28.49,forward
2004-06-04,28.28,forward
2004-06-11,28.79,forward
2004-06-18,28.46,forward
2004-06-25,29.12,forward
2004-07-02,28.78,forward
2004-07-09,27.98,forward
2004-07-16,27.05,forward
2004-07-23,26.73,forward
2004-07-30,27.21,forward
2004-08-06,25.56,forward
2004-08-13,25.41,forward
2004-08-20,26.56,forward
2004-08-27,26.98,forward
2004-09-03,26.66,forward
2004-09-10,27.46,forward
2004-09-17,27.72,forward
2004-09-24,27.19,forward
2004-10-01,28.23,forward
2004-10-08,27.81,forward
2004-10-15,27.81,forward
2004-10-22,27.95,forward
2004-10-29,28.89,forward
2004-11-05,29.64,forward
2004-11-12,30.28,forward
2004-11-19,30.16,forward
2004-11-26,30.67,forward
2004-12-03,31.37,forward
2004-12-10,31.19,forward
2004-12-17,31.03,forward
2004-12-24,31.36,forward
2004-12-31,31.5,forward
2006-07-28,20.74,forward
2006-08-04,20.6,forward
2006-08-11,20.3,forward
2006-08-18,21.5,forward
2006-08-25,21.14,forward
2006-09-01,21.52,forward
2006-09-08,21.26,forward
2006-09-15,21.89,forward
2006-09-22,21.53,forward
2006-09-29,21.86,forward
2006-10-06,22.23,forward
2006-10-13,22.69,forward
2006-10-20,22.31,forward
2006-10-27,22.26,forward
2006-11-03,22.01,forward
2006-11-10,22.4,forward
2006-11-17,22.99,forward
2006-11-24,23.01,forward
2006-12-01,22.4,forward
2006-12-08,22.46,forward
2006-12-15,22.59,forward
2006-12-22,22.23,forward
2006-12-29,22.25,forward
2007-01-05,22.55,forward
2007-01-12,23.23,forward
2007-01-19,22.55,forward
2007-01-26,22.22,forward
2007-02-02,22.5,forward
2007-02-09,22.32,forward
2007-02-16,22.61,forward
2007-02-23,22.86,forward
2007-03-02,21.33,forward
2007-03-09,21.41,forward
2007-03-16,21.31,forward
2007-03-23,21.88,forward
2007-03-30,21.51,forward
2007-04-06,21.94,forward
2007-04-13,21.9,forward
2007-04-20,22.15,forward
2007-04-27,22.51,forward
2007-05-04,22.56,forward
2007-05-11,22.58,forward
2007-05-18,22.56,forward
2007-05-25,22.42,forward
2007-06-01,22.67,forward
2007-06-08,22.37,forward
2007-06-15,22.75,forward
2007-06-22,22.34,forward
2007-06-29,22.3,forward
2007-07-06,22.76,forward
2007-07-13,23.16,forward
2007-07-20,23.16,forward
2007-07-27,22.18,forward
2007-08-03,21.64,forward
2007-08-10,21.55,forward
2007-08-17,21.08,forward
2007-08-24,21.81,forward
2007-08-31,22.02,forward
2007-09-07,21.56,forward
2007-09-14,21.94,forward
2007-09-21,22.41,forward
2007-09-28,22.66,forward
2007-10-05,23.19,forward
2007-10-12,23.46,forward
2007-10-19,22.84,forward
2007-10-26,23.34,forward
2007-11-02,23.48,forward
2007-11-09,21.48,forward
2007-11-16,21.59,forward
2007-11-23,21.32,forward
2007-11-30,21.99,forward
2007-12-07,22.47,forward
2007-12-14,21.83,forward
2007-12-21,22.1,forward
2007-12-28,21.92,forward
2008-01-04,20.28,forward
2008-01-11,19.7,forward
2008-01-18,19.03,forward
2008-01-25,18.47,forward
2008-02-01,19.33,forward
2008-02-08,18.52,forward
2008-02-15,18.56,forward
2008-02-22,18.48,forward
2008-02-29,18.22,forward
2008-03-07,17.86,forward
2008-03-14,17.93,forward
2008-03-21,18.35,forward
2008-03-28,18.45,forward
2008-04-04,19.37,forward
2008-04-11,18.6,forward
2008-04-18,19.61,forward
2008-04-25,19.84,forward
2008-05-02,20.51,forward
2008-05-09,20.28,forward
2008-05-16,20.98,forward
2008-05-23,20.21,forward
2008-05-30,20.85,forward
2008-06-06,20.26,forward
2008-06-13,19.93,forward
2008-06-20,19.42,forward
2008-06-27,18.62,forward
2008-07-04,18.26,forward
2008-07-11,18.19,forward
2008-07-18,18.33,forward
2008-07-25,18.44,forward
2008-08-01,18.29,forward
2008-08-08,19.27,forward
2008-08-15,19.54,forward
2008-08-22,19.2,forward
2008-08-29,18.57,forward
2008-09-05,17.47,forward
2008-09-12,17.6,forward
2008-09-19,17.36,forward
2008-09-26,16.63,forward
2008-10-03,14.67,forward
2008-10-10,12.81,forward
2008-10-17,13.42,forward
2008-10-24,12.5,forward
2008-10-31,14.04,forward
2008-11-07,13.59,forward
2008-11-14,12.83,forward
2008-11-21,11.98,forward
2008-11-28,13.09,forward
2008-12-05,13.14,forward
2008-12-12,13.66,forward
2008-12-19,13.92,forward
2008-12-26,13.29,forward
2009-01-02,14.16,forward
2009-01-09,13.8,forward
2009-01-16,13.75,forward
2009-01-23,13.72,forward
2009-01-30,14.16,forward
2009-02-06,15.6,forward
2009-02-13,15.19,forward
2009-02-20,14.37,forward
2009-02-27,13.84,forward
2009-03-06,13.22,forward
2009-03-13,14.52,forward
2009-03-20,14.82,forward
2009-03-27,15.53,forward
2009-04-03,16.25,forward
2009-04-10,16.5,forward
2009-04-17,16.64,forward
2009-04-24,16.81,forward
2009-05-01,17.05,forward
2009-05-08,17.02,forward
2009-05-15,16.51,forward
2009-05-22,16.55,forward
2009-05-29,17.33,forward
2009-06-05,17.9,forward
2009-06-12,17.76,forward
2009-06-19,17.44,forward
2009-06-26,17.44,forward
2009-07-03,17.02,forward
2009-07-10,16.64,forward
2009-07-17,17.7,forward
2009-07-24,18.27,forward
2009-07-31,18.25,forward
2009-08-07,18.28,forward
2009-08-14,18.08,forward
2009-08-21,18.29,forward
2009-08-28,18.22,forward
2009-09-04,18.07,forward
2009-09-11,18.46,forward
2009-09-18,18.8,forward
2009-09-25,18.32,forward
2009-10-02,17.84,forward
2009-10-09,18.44,forward
2009-10-16,18.27,forward
2009-10-23,18.06,forward
2009-10-30,16.93,forward
2009-11-06,17.41,forward
2009-11-13,17.85,forward
2009-11-20,17.51,forward
2009-11-27,17.42,forward
2009-12-04,17.55,forward
2009-12-11,17.34,forward
2009-12-18,17.33,forward
2009-12-25,17.78,forward
2010-01-01,17.55,forward
2010-01-08,17.64,forward
2010-01-15,17.23,forward
2010-01-22,16.11,forward
2010-01-29,15.28,forward
2010-02-05,15.25,forward
2010-02-12,15.41,forward
2010-02-19,15.71,forward
2010-02-26,15.59,forward
2010-03-05,16.11,forward
2010-03-12,16.34,forward
2010-03-19,16.35,forward
2010-03-26,16.46,forward
2010-04-02,16.39,forward
2010-04-09,16.53,forward
2010-04-16,16.53,forward
2010-04-23,16.59,forward
2010-04-30,16.03,forward
2010-05-07,14.73,forward
2010-05-14,15.14,forward
2010-05-21,14.41,forward
2010-05-28,14.57,forward
2010-06-04,14.35,forward
2010-06-11,14.41,forward
2010-06-18,14.89,forward
2010-06-25,14.2,forward
2010-07-02,13.32,forward
2010-07-09,13.92,forward
2010-07-16,13.73,forward
2010-07-23,14.16,forward
2010-07-30,14.06,forward
2010-08-06,14.28,forward
2010-08-13,13.64,forward
2010-08-20,13.67,forward
2010-08-27,13.39,forward
2010-09-03,13.96,forward
2010-09-10,14.04,forward
2010-09-17,14.47,forward
2010-09-24,14.88,forward
2010-10-01,14.62,forward
2010-10-08,14.76,forward
2010-10-15,15.24,forward
2010-10-22,15.08,forward
2010-10-29,15.08,forward
2010-11-05,15.46,forward
2010-11-12,15.09,forward
2010-11-19,15.03,forward
2010-11-26,15.12,forward
2010-12-03,15.31,forward
2010-12-10,15.43,forward
2010-12-17,15.32,forward
2010-12-24,15.45,forward
2010-12-31,15.32,forward
2011-01-07,15.68,forward
2011-01-14,15.78,forward
2011-01-21,14.99,forward
2011-01-28,14.88,forward
2011-02-04,15.31,forward
2011-02-11,15.57,forward
2011-02-18,15.58,forward
2011-02-25,15.18,forward
2011-03-04,15.17,forward
2011-03-11,14.74,forward
2011-03-18,14.18,forward
2011-03-25,14.73,forward
2011-04-01,14.87,forward
2011-04-08,14.67,forward
2011-04-15,14.53,forward
2011-04-22,14.6,forward
2011-04-29,14.75,forward
2011-05-06,13.92,forward
2011-05-13,13.87,forward
2011-05-20,13.63,forward
2011-05-27,13.54,forward
2011-06-03,13.26,forward
2011-06-10,12.83,forward
2011-06-17,12.67,forward
2011-06-24,12.75,forward
2011-07-01,13.54,forward
2011-07-08,13.76,forward
2011-07-15,13.4,forward
2011-07-22,13.48,forward
2011-07-29,13.1,forward
2011-08-05,12.12,forward
2011-08-12,12.04,forward
2011-08-19,11.23,forward
2011-08-26,11.92,forward
2011-09-02,11.91,forward
2011-09-09,11.88,forward
2011-09-16,12.64,forward
2011-09-23,12.04,forward
2011-09-30,11.66,forward
2011-10-07,12.0,forward
2011-10-14,12.87,forward
2011-10-21,12.61,forward
2011-10-28,13.01,forward
2011-11-04,12.75,forward
2011-11-11,12.71,forward
2011-11-18,12.16,forward
2011-11-25,11.6,forward
2011-12-02,12.37,forward
2011-12-09,12.48,forward
2011-12-16,12.11,forward
2011-12-23,12.29,forward
2011-12-30,12.23,forward
2012-01-06,12.58,forward
2012-01-13,12.63,forward
2012-01-20,12.97,forward
2012-01-27,12.73,forward
2012-02-03,12.99,forward
2012-02-10,13.03,forward
2012-02-17,13.2,forward
2012-02-24,13.26,forward
2012-03-02,13.44,forward
2012-03-09,13.43,forward
2012-03-16,13.71,forward
2012-03-23,13.64,forward
2012-03-30,13.74,forward
2012-04-06,13.71,forward
2012-04-13,13.33,forward
2012-04-20,13.23,forward
2012-04-27,13.37,forward
2012-05-04,12.83,forward
2012-05-11,12.7,forward
2012-05-18,12.03,forward
2012-05-25,12.27,forward
2012-06-01,12.01,forward
2012-06-08,12.47,forward
2012-06-15,12.47,forward
2012-06-22,12.55,forward
2012-06-29,12.7,forward
2012-07-06,12.7,forward
2012-07-13,12.56,forward
2012-07-20,12.79,forward
2012-07-27,13.12,forward
2012-08-03,13.24,forward
2012-08-10,13.43,forward
2012-08-17,13.71,forward
2012-08-24,13.69,forward
2012-08-31,13.62,forward
2012-09-07,13.94,forward
2012-09-14,14.01,forward
2012-09-21,14.01,forward
2012-09-28,13.63,forward
2012-10-05,13.65,forward
2012-10-12,13.17,forward
2012-10-19,13.05,forward
2012-10-26,13.14,forward
2012-11-02,13.09,forward
2012-11-09,12.73,forward
2012-11-16,12.47,forward
2012-11-23,12.96,forward
2012-11-30,13.11,forward
2012-12-07,12.88,forward
2012-12-14,12.92,forward
2012-12-21,13.1,forward
2012-12-28,12.88,forward
2013-01-04,13.43,forward
2013-01-11,13.52,forward
2013-01-18,13.51,forward
2013-01-25,13.73,forward
2013-02-01,13.87,forward
2013-02-08,13.9,forward
2013-02-15,13.85,forward
2013-02-22,13.7,forward
2013-03-01,13.71,forward
2013-03-08,13.97,forward
2013-03-15,13.95,forward
2013-03-22,13.95,forward
2013-03-29,14.02,forward
2013-04-05,13.76,forward
2013-04-12,14.18,forward
2013-04-19,13.8,forward
2013-04-26,14.41,forward
2013-05-03,14.91,forward
2013-05-10,15.09,forward
2013-05-17,15.32,forward
2013-05-24,15.1,forward
2013-05-31,15.02,forward
2013-06-07,14.81,forward
2013-06-14,14.55,forward
2013-06-21,14.21,forward
2013-06-28,14.32,forward
2013-07-05,14.56,forward
2013-07-12,15.1,forward
2013-07-19,15.42,forward
2013-07-26,15.76,forward
2013-08-02,16.07,forward
2013-08-09,15.92,forward
2013-08-16,15.66,forward
2013-08-23,15.92,forward
2013-08-30,15.63,forward
2013-09-06,15.91,forward
2013-09-13,16.11,forward
2013-09-20,16.29,forward
2013-09-27,16.23,forward
2013-10-04,16.28,forward
2013-10-11,16.21,forward
2013-10-18,16.9,forward
2013-10-25,16.98,forward
2013-11-01,16.95,forward
2013-11-08,16.86,forward
2013-11-15,17.2,forward
2013-11-22,17.2,forward
2013-11-29,17.51,forward
2013-12-06,17.56,forward
2013-12-13,17.32,forward
2013-12-20,17.65,forward
2013-12-27,17.76,forward
2014-01-03,17.55,forward
2014-01-10,17.59,forward
2014-01-17,17.7,forward
2014-01-24,17.42,forward
2014-01-31,17.43,forward
2014-02-07,17.55,forward
2014-02-14,18.04,forward
2014-02-21,17.97,forward
2014-02-28,18.09,forward
2014-03-07,18.09,forward
2014-03-14,17.69,forward
2014-03-21,17.76,forward
2014-03-28,17.3,forward
2014-04-04,16.48,forward
2014-04-11,15.97,forward
2014-04-18,16.32,forward
2014-04-25,16.03,forward
2014-05-02,16.26,forward
2014-05-09,16.09,forward
2014-05-16,16.19,forward
2014-05-23,16.56,forward
2014-05-30,16.78,forward
2014-06-06,16.98,forward
2014-06-13,16.68,forward
2014-06-20,16.76,forward
2014-06-27,17.51,forward
2014-07-04,17.82,forward
2014-07-11,17.68,forward
2014-07-18,17.82,forward
2014-07-25,17.74,forward
2014-08-01,17.27,forward
2014-08-08,17.3,forward
2014-08-15,17.69,forward
2014-08-22,17.96,forward
2014-08-29,18.04,forward
2014-09-05,18.02,forward
2014-09-12,17.84,forward
2014-09-19,17.93,forward
2014-09-26,17.6,forward
2014-10-03,17.41,forward
2014-10-10,16.69,forward
2014-10-17,16.55,forward
2014-10-24,17.34,forward
2014-10-31,17.78,forward
2014-11-07,17.81,forward
2014-11-14,18.08,forward
2014-11-21,18.09,forward
2014-11-28,18.39,forward
2014-12-05,18.23,forward
2014-12-12,17.72,forward
2014-12-19,18.01,forward
2014-12-26,17.76,forward
2015-01-02,17.38,forward
2015-01-09,17.3,forward
2015-01-16,17.0,forward
2015-01-23,17.58,forward
2015-01-30,17.07,forward
2015-02-06,17.47,forward
2015-02-13,18.16,forward
2015-02-20,18.39,forward
2015-02-27,18.34,forward
2015-03-06,18.08,forward
2015-03-13,17.76,forward
2015-03-20,18.37,forward
2015-03-27,17.77,forward
2015-04-03,17.68,forward
2015-04-10,18.03,forward
2015-04-17,17.76,forward
2015-04-24,18.56,forward
2015-05-01,18.16,forward
2015-05-08,18.07,forward
2015-05-15,18.2,forward
2015-05-22,18.25,forward
2015-05-29,18.16,forward
2015-06-05,18.0,forward
2015-06-12,17.88,forward
2015-06-19,18.14,forward
2015-06-26,18.0,forward
2015-07-03,17.78,forward
2015-07-10,17.67,forward
2015-07-17,18.83,forward
2015-07-24,18.24,forward
2015-07-31,18.54,forward
2015-08-07,18.22,forward
2015-08-14,18.26,forward
2015-08-21,16.86,forward
2015-08-28,17.36,forward
2015-09-04,16.75,forward
2015-09-11,17.28,forward
2015-09-18,17.28,forward
2015-09-25,16.76,forward
2015-10-02,16.96,forward
2015-10-09,17.41,forward
2015-10-16,17.68,forward
2015-10-23,18.35,forward
2015-10-30,18.44,forward
2015-11-06,18.78,forward
2015-11-13,17.94,forward
2015-11-20,18.66,forward
2015-11-27,18.61,forward
2015-12-04,18.72,forward
2015-12-11,17.93,forward
2015-12-18,17.8,forward
2015-12-25,18.27,forward
2016-01-01,18.13,forward
2016-01-08,16.87,forward
2016-01-15,16.44,forward
2016-01-22,16.92,forward
2016-01-29,17.21,forward
2016-02-05,16.14,forward
2016-02-12,16.12,forward
2016-02-19,16.66,forward
2016-02-26,16.9,forward
2016-03-04,17.28,forward
2016-03-11,17.38,forward
2016-03-18,17.52,forward
2016-03-25,17.46,forward
2016-04-01,17.95,forward
2016-04-08,17.69,forward
2016-04-15,17.95,forward
2016-04-22,17.82,forward
2016-04-29,17.5,forward
2016-05-06,17.44,forward
2016-05-13,17.39,forward
2016-05-20,17.48,forward
2016-05-27,18.04,forward
2016-06-03,17.95,forward
2016-06-10,17.71,forward
2016-06-17,17.37,forward
2016-06-24,17.05,forward
2016-07-01,17.61,forward
2016-07-08,17.96,forward
2016-07-15,18.13,forward
2016-07-22,18.44,forward
2016-07-29,18.61,forward
2016-08-05,18.8,forward
2016-08-12,18.8,forward
2016-08-19,18.7,forward
2016-08-26,18.57,forward
2016-09-02,18.59,forward
2016-09-09,18.08,forward
2016-09-16,18.53,forward
2016-09-23,18.56,forward
2016-09-30,18.59,forward
2016-10-07,18.46,forward
2016-10-14,18.22,forward
2016-10-21,18.3,forward
2016-10-28,18.09,forward
2016-11-04,17.55,forward
2016-11-11,17.83,forward
2016-11-18,18.0,forward
2016-11-25,18.19,forward
2016-12-02,17.65,forward
2016-12-09,18.16,forward
2016-12-16,18.19,forward
2016-12-23,18.18,forward
2016-12-30,17.86,forward
2017-01-06,18.36,forward
2017-01-13,18.5,forward
2017-01-20,18.47,forward
2017-01-27,18.76,forward
2017-02-03,18.72,forward
2017-02-10,19.12,forward
2017-02-17,19.45,forward
2017-02-24,19.46,forward
2017-03-03,19.51,forward
2017-03-10,19.53,forward
2017-03-17,19.56,forward
2017-03-24,19.21,forward
2017-03-31,19.38,forward
2017-04-07,19.23,forward
2017-04-14,18.96,forward
2017-04-21,19.2,forward
2017-04-28,19.65,forward
2017-05-05,19.81,forward
2017-05-12,19.85,forward
2017-05-19,19.68,forward
2017-05-26,20.09,forward
2017-06-02,20.38,forward
2017-06-09,19.84,forward
2017-06-16,19.58,forward
2017-06-23,19.86,forward
2017-06-30,19.2,forward
2017-07-07,19.19,forward
2017-07-14,19.75,forward
2017-07-21,19.92,forward
2017-07-28,19.69,forward
2017-08-04,19.5,forward
2017-08-11,19.22,forward
2017-08-18,19.06,forward
2017-08-25,19.13,forward
2017-09-01,19.64,forward
2017-09-08,19.34,forward
2017-09-15,19.56,forward
2017-09-22,19.29,forward
2017-09-29,19.34,forward
2017-10-06,19.52,forward
2017-10-13,19.57,forward
2017-10-20,19.53,forward
2017-10-27,19.72,forward
2017-11-03,19.9,forward
2017-11-10,19.84,forward
2017-11-17,19.8,forward
2017-11-24,20.03,forward
2017-12-01,19.74,forward
2017-12-08,19.73,forward
2017-12-15,20.02,forward
2017-12-22,19.85,forward
2017-12-29,19.59,forward
2018-01-05,20.2,forward
2018-01-12,20.35,forward
2018-01-19,20.36,forward
2018-01-26,20.71,forward
2018-02-02,19.74,forward
2018-02-09,18.62,forward
2018-02-16,19.61,forward
2018-02-23,19.94,forward
2018-03-02,19.65,forward
2018-03-09,20.46,forward
2018-03-16,20.17,forward
2018-03-23,18.53,forward
2018-03-30,18.71,forward
2018-04-06,18.27,forward
2018-04-13,18.81,forward
2018-04-20,18.87,forward
2018-04-27,18.58,forward
2018-05-04,18.86,forward
2018-05-11,19.34,forward
2018-05-18,19.08,forward
2018-05-25,19.28,forward
2018-06-01,19.58,forward
2018-06-08,19.74,forward
2018-06-15,19.96,forward
2018-06-22,19.62,forward
2018-06-29,19.17,forward
2018-07-06,19.59,forward
2018-07-13,20.0,forward
2018-07-20,19.81,forward
2018-07-27,19.6,forward
2018-08-03,19.77,forward
2018-08-10,19.79,forward
2018-08-17,19.69,forward
2018-08-24,19.95,forward
2018-08-31,20.37,forward
2018-09-07,19.74,forward
2018-09-14,20.02,forward
2018-09-21,19.98,forward
2018-09-28,20.04,forward
2018-10-05,19.43,forward
2018-10-12,18.77,forward
2018-10-19,18.62,forward
2018-10-26,17.9,forward
2018-11-02,18.26,forward
2018-11-09,18.46,forward
2018-11-16,18.07,forward
2018-11-23,17.18,forward
2018-11-30,18.3,forward
2018-12-07,17.4,forward
2018-12-14,17.36,forward
2018-12-21,16.02,forward
2018-12-28,16.57,forward
2019-01-04,17.11,forward
2019-01-11,17.55,forward
2019-01-18,17.98,forward
2019-01-25,18.06,forward
2019-02-01,18.5,forward
2019-02-08,18.62,forward
2019-02-15,19.02,forward
2019-02-22,19.14,forward
2019-03-01,19.25,forward
2019-03-08,18.86,forward
2019-03-15,19.62,forward
2019-03-22,19.58,forward
2019-03-29,19.69,forward
2019-04-05,20.19,forward
2019-04-12,20.27,forward
2019-04-19,20.36,forward
2019-04-26,20.67,forward
2019-05-03,20.69,forward
2019-05-10,20.02,forward
2019-05-17,19.79,forward
2019-05-24,19.23,forward
2019-05-31,18.76,forward
2019-06-07,19.54,forward
2019-06-14,19.72,forward
2019-06-21,20.35,forward
2019-06-28,20.1,forward
2019-07-05,20.49,forward
2019-07-12,20.7,forward
2019-07-19,20.35,forward
2019-07-26,20.81,forward
2019-08-02,19.76,forward
2019-08-09,19.64,forward
2019-08-16,19.57,forward
2019-08-23,19.17,forward
2019-08-30,19.7,forward
2019-09-06,20.07,forward
2019-09-13,20.16,forward
2019-09-20,19.94,forward
2019-09-27,19.47,forward
2019-10-04,19.61,forward
2019-10-11,19.79,forward
2019-10-18,19.81,forward
2019-10-25,20.24,forward
2019-11-01,20.57,forward
2019-11-08,20.79,forward
2019-11-15,20.92,forward
2019-11-22,20.99,forward
2019-11-29,21.29,forward
2019-12-06,21.25,forward
2019-12-13,21.44,forward
2019-12-20,21.89,forward
2019-12-27,21.95,forward
2020-01-03,21.95,forward
2020-01-10,22.29,forward
2020-01-17,22.77,forward
2020-01-24,22.54,forward
2020-01-31,21.84,forward
2020-02-07,22.91,forward
2020-02-14,23.29,forward
2020-02-21,22.83,forward
2020-02-28,20.51,forward
2020-03-06,20.67,forward
2020-03-13,19.58,forward
2020-03-20,17.7,forward
2020-03-27,19.64,forward
2020-04-03,19.79,forward
2020-04-10,22.09,forward
2020-04-17,23.9,forward
2020-04-24,23.86,forward
2020-05-01,23.71,forward
2020-05-08,25.07,forward
2020-05-15,24.87,forward
2020-05-22,25.64,forward
2020-05-29,25.85,forward
2020-06-05,26.49,forward
2020-06-12,26.0,forward
2020-06-19,26.81,forward
2020-06-26,26.13,forward
2020-07-03,27.24,forward
2020-07-10,28.48,forward
2020-07-17,27.81,forward
2020-07-24,27.14,forward
2020-07-31,27.36,forward
2020-08-07,27.81,forward
2020-08-14,27.75,forward
2020-08-21,28.57,forward
2020-08-28,29.63,forward
2020-09-04,28.51,forward
2020-09-11,27.09,forward
2020-09-18,26.62,forward
2020-09-25,27.01,forward
2020-10-02,27.2,forward
2020-10-09,28.18,forward
2020-10-16,28.43,forward
2020-10-23,28.01,forward
2020-10-30,26.25,forward
2020-11-06,28.55,forward
2020-11-13,28.04,forward
2020-11-20,27.81,forward
2020-11-27,28.5,forward
2020-12-04,29.01,forward
2020-12-11,28.53,forward
2020-12-18,29.2,forward
2020-12-25,28.78,forward
2021-01-01,29.09,forward
2021-01-08,29.35,forward
2021-01-15,28.58,forward
2021-01-22,29.51,forward
2021-01-29,27.91,forward
2021-02-05,28.95,forward
2021-02-12,29.27,forward
2021-02-19,28.6,forward
2021-02-26,26.97,forward
2021-03-05,26.33,forward
2021-03-12,26.81,forward
2021-03-19,26.6,forward
2021-03-26,26.83,forward
2021-04-02,27.3,forward
2021-04-09,28.31,forward
2021-04-16,28.62,forward
2021-04-23,28.29,forward
2021-04-30,26.7,forward
2021-05-07,26.24,forward
2021-05-14,25.57,forward
2021-05-21,25.51,forward
2021-05-28,25.92,forward
2021-06-04,26.03,forward
2021-06-11,26.35,forward
2021-06-18,26.38,forward
2021-06-25,26.87,forward
2021-07-02,27.47,forward
2021-07-09,27.57,forward
2021-07-16,27.22,forward
2021-07-23,28.01,forward
2021-07-30,26.89,forward
2021-08-06,26.91,forward
2021-08-13,26.9,forward
2021-08-20,26.63,forward
2021-08-27,27.3,forward
2021-09-03,27.66,forward
2021-09-10,27.13,forward
2021-09-17,26.99,forward
2021-09-24,26.99,forward
2021-10-01,26.02,forward
2021-10-08,26.03,forward
2021-10-15,26.59,forward
2021-10-22,27.04,forward
2021-10-29,28.19,forward
2021-11-05,28.94,forward
2021-11-12,28.65,forward
2021-11-19,29.2,forward
2021-11-26,28.15,forward
2021-12-03,27.55,forward
2021-12-10,28.5,forward
2021-12-17,27.51,forward
2021-12-24,28.38,forward
2021-12-31,28.36,forward
2022-01-07,27.0,forward
2022-01-14,26.97,forward
2022-01-21,24.95,forward
2022-01-28,24.77,forward
2022-02-04,25.24,forward
2022-02-11,24.51,forward
2022-02-18,23.91,forward
2022-02-25,24.2,forward
2022-03-04,23.54,forward
2022-03-11,22.61,forward
2022-03-18,24.46,forward
2022-03-25,25.02,forward
2022-04-01,25.13,forward
2022-04-08,24.19,forward
2022-04-15,23.42,forward
2022-04-22,22.4,forward
2022-04-29,21.83,forward
2022-05-06,21.52,forward
2022-05-13,20.96,forward
2022-05-20,20.05,forward
2022-05-27,21.49,forward
2022-06-03,21.22,forward
2022-06-10,19.98,forward
2022-06-17,18.98,forward
2022-06-24,20.3,forward
2022-07-01,19.55,forward
2022-07-08,20.46,forward
2022-07-15,20.27,forward
2022-07-22,20.95,forward
2022-07-29,22.3,forward
2022-08-05,22.79,forward
2022-08-12,23.54,forward
2022-08-19,22.96,forward
2022-08-26,21.92,forward
2022-09-02,20.99,forward
2022-09-09,21.8,forward
2022-09-16,20.53,forward
2022-09-23,19.47,forward
2022-09-30,18.89,forward
2022-10-07,19.11,forward
2022-10-14,18.56,forward
2022-10-21,19.72,forward
2022-10-28,20.69,forward
2022-11-04,19.63,forward
2022-11-11,21.39,forward
2022-11-18,21.14,forward
2022-11-25,21.33,forward
2022-12-02,21.75,forward
2022-12-09,20.95,forward
2022-12-16,20.36,forward
2022-12-23,20.17,forward
2022-12-30,20.07,forward
2023-01-06,20.29,forward
2023-01-13,21.25,forward
2023-01-20,21.41,forward
2023-01-27,22.7,forward
2023-02-03,23.51,forward
2023-02-10,23.01,forward
2023-02-17,23.01,forward
2023-02-24,22.28,forward
2023-03-03,22.85,forward
2023-03-10,21.95,forward
2023-03-17,23.16,forward
2023-03-24,23.47,forward
2023-03-31,24.22,forward
2023-04-07,23.93,forward
2023-04-14,23.93,forward
2023-04-21,23.77,forward
2023-04-28,24.04,forward
2023-05-05,24.11,forward
2023-05-12,24.18,forward
2023-05-19,25.01,forward
2023-05-26,25.52,forward
2023-06-02,25.86,forward
2023-06-09,25.83,forward
2023-06-16,26.75,forward
2023-06-23,25.95,forward
2023-06-30,26.44,forward
2023-07-07,26.11,forward
2023-07-14,26.92,forward
2023-07-21,26.68,forward
2023-07-28,25.84,forward
2023-08-04,24.91,forward
2023-08-11,24.41,forward
2023-08-18,23.72,forward
2023-08-25,23.86,forward
2023-09-01,24.56,forward
2023-09-08,24.12,forward
2023-09-15,23.91,forward
2023-09-22,23.01,forward
2023-09-29,22.97,forward
2023-10-06,23.28,forward
2023-10-13,23.25,forward
2023-10-20,22.53,forward
2023-10-27,21.79,forward
2023-11-03,23.18,forward
2023-11-10,23.8,forward
2023-11-17,24.14,forward
2023-11-24,24.13,forward
2023-12-01,24.02,forward
2023-12-08,23.94,forward
2023-12-15,24.65,forward
2023-12-22,24.78,forward
2023-12-29,24.75,forward
2024-01-05,23.89,forward
2024-01-12,24.59,forward
2024-01-19,25.22,forward
2024-01-26,25.53,forward
2024-02-02,25.59,forward
2024-02-09,26.05,forward
2024-02-16,25.53,forward
2024-02-23,25.77,forward
2024-03-01,26.25,forward
2024-03-08,25.81,forward
2024-03-15,25.4,forward
2024-03-22,26.03,forward
2024-03-29,25.68,forward
2024-04-05,25.43,forward
2024-04-12,25.29,forward
2024-04-19,23.91,forward
2024-04-26,24.78,forward
2024-05-03,24.9,forward
2024-05-10,25.16,forward
2024-05-17,25.57,forward
2024-05-24,25.7,forward
2024-05-31,25.23,forward
2024-06-07,25.77,forward
2024-06-14,26.56,forward
2024-06-21,26.47,forward
2024-06-28,26.34,forward
2024-07-05,27.2,forward
2024-07-12,27.01,forward
2024-07-19,25.82,forward
2024-07-26,25.2,forward
2024-08-02,24.43,forward
2024-08-09,24.51,forward
2024-08-16,25.76,forward
2024-08-23,25.92,forward
2024-08-30,25.59,forward
2024-09-06,24.01,forward
2024-09-13,25.33,forward
2024-09-20,25.62,forward
2024-09-27,25.82,forward
2024-10-04,25.76,forward
2024-10-11,25.93,forward
2024-10-18,25.91,forward
2024-10-25,25.9,forward
2024-11-01,25.49,forward
2024-11-08,26.77,forward
2024-11-15,25.75,forward
2024-11-22,26.14,forward
2024-11-29,26.24,forward
2024-12-06,26.98,forward
2024-12-13,27.06,forward
2024-12-20,26.4,forward
2024-12-27,26.6,forward
2025-01-03,26.35,forward
2025-01-10,25.65,forward
2025-01-17,26.28,forward
2025-01-24,26.75,forward
2025-01-31,26.42,forward
2025-02-07,26.51,forward
2025-02-14,27.23,forward
2025-02-21,26.51,forward
2025-02-28,25.49,forward
2025-03-07,24.67,forward
2025-03-14,24.01,forward
2025-03-21,24.04,forward
2025-03-28,23.36,forward
2025-04-04,21.04,forward
2025-04-11,22.66,forward
2025-04-18,22.16,forward
2025-04-25,23.64,forward
2025-05-02,24.57,forward
2025-05-09,24.46,forward
2025-05-16,25.89,forward
2025-05-23,25.32,forward
2025-05-30,25.82,forward
2025-06-06,26.27,forward
2025-06-13,26.08,forward
2025-06-20,25.96,forward
2025-06-27,26.86,forward
2025-07-04,27.2,forward
2025-07-11,26.95,forward
2025-07-18,27.23,forward
2025-07-25,27.32,forward
2025-08-01,26.4,forward
2025-08-08,27.2,forward
2025-08-15,27.09,forward
2025-08-22,26.72,forward
2025-08-29,26.21,forward
2025-09-05,26.26,forward
2025-09-12,26.66,forward
2025-09-19,27.13,forward
2025-09-26,26.77,forward
2025-10-03,27.05,forward
2025-10-10,26.34,forward
2025-10-17,26.86,forward
2025-10-24,27.25,forward
2025-10-31,27.53,forward
2025-11-07,26.53,forward
2025-11-14,26.12,forward
2025-11-21,25.08,forward
2025-11-28,26.17,forward
2025-12-05,26.3,forward
2025-12-12,25.54,forward
2025-12-19,25.1,forward
2025-12-26,25.4,forward
2026-01-02,24.84,forward
2026-01-09,25.26,forward
2026-01-16,24.88,forward
2026-01-23,25.05,forward
2026-01-30,24.7,forward
2026-02-06,24.24,forward
2026-02-13,23.99,forward
2026-02-20,24.16,forward
2026-02-27,23.94,forward
2026-03-06,23.51,forward
2026-03-13,22.87,forward
2026-03-20,21.25,forward
2026-03-27,20.44,forward
2026-04-03,21.19,forward
2026-04-10,22.01,forward
2026-04-17,23.18,forward
2026-04-24,23.25,forward
2026-05-01,22.99,forward
2026-05-08,24.27,forward
2026-05-15,24.0,forward
2026-05-22,24.05,forward
2026-05-29,24.75,forward
2026-06-05,23.39,forward
2026-06-12,23.72,forward
2026-06-19,24.14,forward
2026-06-26,22.82,forward
2026-07-03,22.83,forward
2026-07-10,23.49,forward
2026-07-17,22.3,forward
2026-07-24,21.62,forward
2026-07-31,21.35,forward
2026-08-05,22.37,forward
2026-08-05,22.41,forwardOwn
2026-08-06,22.25,forwardOwn
2026-08-07,22.29,forwardOwn
2026-08-10,22.25,forwardOwn
2026-08-11,22.2,forwardOwn
2026-08-12,22.4,forwardOwn
2026-08-13,22.75,forwardOwn
2026-08-14,22.73,forwardOwn
2026-08-17,22.54,forwardOwn
2026-08-18,22.02,forwardOwn
2026-08-19,21.84,forwardOwn
2026-08-20,21.86,forwardOwn
2026-08-21,21.77,forwardOwn
2026-08-24,21.13,forwardOwn
2026-08-25,21.36,forwardOwn
2026-08-26,21.47,forwardOwn
2026-08-27,21.62,forwardOwn
2026-08-28,21.51,forwardOwn
2026-08-31,21.36,forwardOwn
2026-09-01,21.08,forwardOwn
2026-09-02,21.21,forwardOwn
2026-09-03,21.35,forwardOwn
2026-09-04,21.41,forwardOwn
2026-09-07,21.3,forwardOwn
